ticker,price,timestamp
AAPL,172.69,2024-04-15 19:34:39 EST
AAPL,172.69,2024-04-15 19:28:28 EST
AAPL,172.69,2024-04-15 19:23:02 EST
AAPL,172.69,2024-04-15 19:13:44 EST
AAPL,172.69,2024-04-15 19:00:56 EST
AAPL,172.69,2024-04-15 18:55:33 EST
AAPL,172.69,2024-04-15 18:49:54 EST
AAPL,172.69,2024-04-15 18:44:26 EST
AAPL,172.69,2024-04-15 18:38:58 EST
AAPL,172.69,2024-04-15 18:32:48 EST
AAPL,172.69,2024-04-15 18:27:22 EST
AAPL,172.69,2024-04-15 18:18:29 EST
AAPL,172.69,2024-04-15 18:04:23 EST
AAPL,172.69,2024-04-15 17:56:06 EST
AAPL,172.69,2024-04-15 17:50:42 EST
AAPL,172.69,2024-04-15 17:45:26 EST
AAPL,172.69,2024-04-15 17:40:25 EST
AAPL,172.69,2024-04-15 17:35:03 EST
AAPL,172.69,2024-04-15 17:27:43 EST
AAPL,172.69,2024-04-15 17:22:33 EST
AAPL,172.69,2024-04-15 17:14:08 EST
AAPL,172.69,2024-04-15 17:00:32 EST
AAPL,172.69,2024-04-15 16:55:11 EST
AAPL,172.69,2024-04-15 16:49:59 EST
AAPL,172.69,2024-04-15 16:44:36 EST
AAPL,172.69,2024-04-15 16:39:05 EST
AAPL,172.69,2024-04-15 16:33:27 EST
AAPL,172.69,2024-04-15 16:27:59 EST
AAPL,172.69,2024-04-15 16:22:44 EST
AAPL,172.69,2024-04-15 16:13:20 EST
AAPL,172.71,2024-04-15 16:00:07 EST
AAPL,173.02,2024-04-15 15:54:55 EST
AAPL,173.55,2024-04-15 15:49:20 EST
AAPL,173.47,2024-04-15 15:44:01 EST
AAPL,173.36,2024-04-15 15:38:34 EST
AAPL,173.28,2024-04-15 15:32:47 EST
AAPL,172.99,2024-04-15 15:27:18 EST
AAPL,173.11,2024-04-15 15:22:08 EST
AAPL,173.08,2024-04-15 15:17:02 EST
AAPL,173.15,2024-04-15 15:07:46 EST
AAPL,173.33,2024-04-15 14:57:01 EST
AAPL,173.21,2024-04-15 14:51:29 EST
AAPL,173.37,2024-04-15 14:45:55 EST
AAPL,173.49,2024-04-15 14:40:30 EST
AAPL,173.5,2024-04-15 14:35:08 EST
AAPL,173.22,2024-04-15 14:27:38 EST
AAPL,172.56,2024-04-15 14:14:02 EST
AAPL,173.79,2024-04-15 13:58:54 EST
AAPL,173.79,2024-04-15 13:53:21 EST
AAPL,173.95,2024-04-15 13:47:49 EST
AAPL,174.0,2024-04-15 13:42:36 EST
AAPL,174.05,2024-04-15 13:38:09 EST
AAPL,174.4,2024-04-15 13:31:32 EST
AAPL,175.4,2024-04-15 13:26:06 EST
AAPL,175.22,2024-04-15 13:20:54 EST
AAPL,175.4,2024-04-15 13:12:05 EST
AAPL,175.08,2024-04-15 13:00:45 EST
AAPL,175.11,2024-04-15 12:55:37 EST
AAPL,175.1,2024-04-15 12:50:11 EST
AAPL,175.07,2024-04-15 12:44:46 EST
AAPL,175.04,2024-04-15 12:39:32 EST
AAPL,175.11,2024-04-15 12:34:02 EST
AAPL,175.1,2024-04-15 12:28:10 EST
AAPL,176.02,2024-04-15 12:15:44 EST
AAPL,176.0,2024-04-15 11:59:48 EST
AAPL,176.0,2024-04-15 11:54:41 EST
AAPL,175.5,2024-04-15 11:49:06 EST
AAPL,175.41,2024-04-15 11:43:35 EST
AAPL,175.62,2024-04-15 11:38:16 EST
AAPL,175.54,2024-04-15 11:33:00 EST
AAPL,175.12,2024-04-15 11:27:09 EST
AAPL,175.24,2024-04-15 11:21:52 EST
AAPL,176.34,2024-04-15 11:11:58 EST
AAPL,174.9,2024-04-15 10:58:53 EST
AAPL,174.95,2024-04-15 10:53:28 EST
AAPL,174.77,2024-04-15 10:47:51 EST
AAPL,174.9,2024-04-15 10:42:38 EST
AAPL,174.76,2024-04-15 10:37:17 EST
AAPL,174.79,2024-04-15 10:31:59 EST
AAPL,174.99,2024-04-15 10:26:07 EST
AAPL,174.67,2024-04-15 10:21:13 EST
AAPL,175.03,2024-04-15 10:08:23 EST
AAPL,174.66,2024-04-15 09:57:30 EST
AAPL,174.56,2024-04-15 09:52:11 EST
AAPL,174.97,2024-04-15 09:46:45 EST
AAPL,174.39,2024-04-15 09:41:19 EST
AAPL,174.95,2024-04-15 09:36:16 EST
AAPL,176.55,2024-04-15 09:29:09 EST
AAPL,176.55,2024-04-15 09:23:45 EST
AAPL,176.55,2024-04-15 09:16:17 EST
AAPL,176.55,2024-04-15 09:01:15 EST
AAPL,176.55,2024-04-15 08:55:24 EST
AAPL,176.55,2024-04-15 08:50:12 EST
AAPL,176.55,2024-04-15 08:41:39 EST
AAPL,176.55,2024-04-15 08:25:45 EST
AAPL,176.55,2024-04-15 08:00:33 EST
AAPL,176.55,2024-04-15 07:55:24 EST
AAPL,176.55,2024-04-15 07:50:00 EST
AAPL,176.55,2024-04-15 07:44:32 EST
AAPL,176.55,2024-04-15 07:39:07 EST
AAPL,176.55,2024-04-15 07:34:00 EST
AAPL,176.55,2024-04-15 07:28:39 EST
AAPL,176.55,2024-04-15 07:23:13 EST
AAPL,176.55,2024-04-15 07:17:56 EST
AAPL,176.55,2024-04-15 07:11:00 EST
AAPL,176.55,2024-04-15 06:59:24 EST
AAPL,176.55,2024-04-15 06:54:10 EST
AAPL,176.55,2024-04-15 06:48:52 EST
AAPL,176.55,2024-04-15 06:43:25 EST
AAPL,176.55,2024-04-15 06:37:59 EST
AAPL,176.55,2024-04-15 06:32:48 EST
AAPL,176.55,2024-04-15 06:27:23 EST
AAPL,176.55,2024-04-15 06:21:55 EST
AAPL,176.55,2024-04-15 06:08:38 EST
AAPL,176.55,2024-04-15 05:57:32 EST
AAPL,176.55,2024-04-15 05:52:09 EST
AAPL,176.55,2024-04-15 05:46:46 EST
AAPL,176.55,2024-04-15 05:41:25 EST
AAPL,176.55,2024-04-15 05:36:02 EST
AAPL,176.55,2024-04-15 05:30:04 EST
AAPL,176.55,2024-04-15 05:24:41 EST
AAPL,176.55,2024-04-15 05:19:31 EST
AAPL,176.55,2024-04-15 05:06:43 EST
AAPL,176.55,2024-04-15 04:56:29 EST
AAPL,176.55,2024-04-15 04:50:59 EST
AAPL,176.55,2024-04-15 04:45:30 EST
AAPL,176.55,2024-04-15 04:40:03 EST
AAPL,176.55,2024-04-15 04:35:03 EST
AAPL,176.55,2024-04-15 04:27:58 EST
AAPL,176.55,2024-04-15 04:22:38 EST
AAPL,176.55,2024-04-15 04:13:07 EST
AAPL,176.55,2024-04-15 03:59:36 EST
AAPL,176.55,2024-04-15 03:54:14 EST
AAPL,176.55,2024-04-15 03:49:01 EST
AAPL,176.55,2024-04-15 03:43:30 EST
AAPL,176.55,2024-04-15 03:38:13 EST
AAPL,176.55,2024-04-15 03:32:44 EST
AAPL,176.55,2024-04-15 03:27:20 EST
AAPL,176.55,2024-04-15 03:21:56 EST
AAPL,176.55,2024-04-15 03:16:40 EST
AAPL,176.55,2024-04-15 03:10:22 EST
AAPL,176.55,2024-04-15 02:59:47 EST
AAPL,176.55,2024-04-15 02:54:44 EST
AAPL,176.55,2024-04-15 02:49:11 EST
AAPL,176.55,2024-04-15 02:43:45 EST
AAPL,176.55,2024-04-15 02:38:21 EST
AAPL,176.55,2024-04-15 02:32:54 EST
AAPL,176.55,2024-04-15 02:27:08 EST
AAPL,176.55,2024-04-15 02:17:36 EST
AAPL,176.55,2024-04-15 02:00:11 EST
AAPL,176.55,2024-04-15 01:54:55 EST
AAPL,176.55,2024-04-15 01:49:31 EST
AAPL,176.55,2024-04-15 01:44:01 EST
AAPL,176.55,2024-04-15 01:38:54 EST
AAPL,176.55,2024-04-15 01:33:32 EST
AAPL,176.55,2024-04-15 01:27:50 EST
AAPL,176.55,2024-04-15 01:22:35 EST
AAPL,176.55,2024-04-15 01:13:11 EST
AAPL,176.55,2024-04-15 01:01:23 EST
AAPL,176.55,2024-04-15 00:55:32 EST
AAPL,176.55,2024-04-15 00:50:10 EST
AAPL,176.55,2024-04-15 00:44:31 EST
AAPL,176.55,2024-04-15 00:39:18 EST
AAPL,176.55,2024-04-15 00:23:26 EST
AAPL,176.55,2024-04-14 23:45:11 EST
AAPL,176.55,2024-04-14 20:51:03 EST
AAPL,176.55,2024-04-14 19:38:26 EST
AAPL,176.55,2024-04-14 18:15:21 EST
AAPL,176.55,2024-04-14 11:13:31 EST
AAPL,176.55,2024-04-14 10:31:00 EST
AAPL,176.55,2024-04-14 07:14:25 EST
AAPL,176.55,2024-04-14 04:52:19 EST
AAPL,176.55,2024-04-14 03:51:04 EST
AAPL,176.55,2024-04-14 02:03:38 EST
AAPL,176.55,2024-04-14 01:04:02 EST
AAPL,176.55,2024-04-14 00:40:33 EST
AAPL,176.55,2024-04-14 00:01:57 EST
AAPL,176.55,2024-04-13 23:43:08 EST
AAPL,176.55,2024-04-13 22:24:58 EST
AAPL,176.55,2024-04-13 20:35:45 EST
AAPL,176.55,2024-04-13 19:56:09 EST
AAPL,176.55,2024-04-13 19:50:15 EST
AAPL,176.55,2024-04-13 19:44:40 EST
AAPL,176.55,2024-04-13 19:38:45 EST
AAPL,176.55,2024-04-13 19:28:56 EST
AAPL,176.55,2024-04-13 19:23:00 EST
AAPL,176.55,2024-04-13 19:07:37 EST
AAPL,176.55,2024-04-13 18:55:43 EST
AAPL,176.55,2024-04-13 18:50:10 EST
AAPL,176.55,2024-04-13 18:44:28 EST
AAPL,176.55,2024-04-13 18:38:40 EST
AAPL,176.55,2024-04-13 18:33:08 EST
AAPL,176.55,2024-04-13 18:27:15 EST
AAPL,176.55,2024-04-13 18:22:05 EST
AAPL,176.55,2024-04-13 18:11:47 EST
AAPL,176.55,2024-04-13 18:00:35 EST
AAPL,176.55,2024-04-13 17:55:15 EST
AAPL,176.55,2024-04-13 17:50:03 EST
AAPL,176.55,2024-04-13 17:44:42 EST
AAPL,176.55,2024-04-13 17:39:12 EST
AAPL,176.55,2024-04-13 17:34:03 EST
AAPL,176.55,2024-04-13 17:28:27 EST
AAPL,176.55,2024-04-13 17:22:55 EST
AAPL,176.55,2024-04-13 17:17:29 EST
AAPL,176.55,2024-04-13 17:10:35 EST
AAPL,176.55,2024-04-13 17:00:19 EST
AAPL,176.55,2024-04-13 16:55:08 EST
AAPL,176.55,2024-04-13 16:49:38 EST
AAPL,176.55,2024-04-13 16:44:04 EST
AAPL,176.55,2024-04-13 16:38:48 EST
AAPL,176.55,2024-04-13 16:33:16 EST
AAPL,176.55,2024-04-13 16:27:28 EST
AAPL,176.55,2024-04-13 16:22:09 EST
AAPL,176.55,2024-04-13 16:16:56 EST
AAPL,176.55,2024-04-13 16:07:38 EST
AAPL,176.55,2024-04-13 15:57:17 EST
AAPL,176.55,2024-04-13 15:52:06 EST
AAPL,176.55,2024-04-13 15:46:55 EST
AAPL,176.55,2024-04-13 15:41:30 EST
AAPL,176.55,2024-04-13 15:36:06 EST
AAPL,176.55,2024-04-13 15:29:46 EST
AAPL,176.55,2024-04-13 15:24:30 EST
AAPL,176.55,2024-04-13 15:19:02 EST
AAPL,176.55,2024-04-13 15:13:44 EST
AAPL,176.55,2024-04-13 15:08:23 EST
AAPL,176.55,2024-04-13 14:59:04 EST
AAPL,176.55,2024-04-13 14:53:38 EST
AAPL,176.55,2024-04-13 14:48:24 EST
AAPL,176.55,2024-04-13 14:42:57 EST
AAPL,176.55,2024-04-13 14:37:35 EST
AAPL,176.55,2024-04-13 14:31:35 EST
AAPL,176.55,2024-04-13 14:25:54 EST
AAPL,176.55,2024-04-13 14:20:42 EST
AAPL,176.55,2024-04-13 14:10:27 EST
AAPL,176.55,2024-04-13 13:58:13 EST
AAPL,176.55,2024-04-13 13:53:03 EST
AAPL,176.55,2024-04-13 13:47:49 EST
AAPL,176.55,2024-04-13 13:42:31 EST
AAPL,176.55,2024-04-13 13:37:00 EST
AAPL,176.55,2024-04-13 13:31:32 EST
AAPL,176.55,2024-04-13 13:26:12 EST
AAPL,176.55,2024-04-13 13:20:51 EST
AAPL,176.55,2024-04-13 13:15:22 EST
AAPL,176.55,2024-04-13 13:07:13 EST
AAPL,176.55,2024-04-13 12:58:21 EST
AAPL,176.55,2024-04-13 12:53:09 EST
AAPL,176.55,2024-04-13 12:47:38 EST
AAPL,176.55,2024-04-13 12:42:21 EST
AAPL,176.55,2024-04-13 12:37:00 EST
AAPL,176.55,2024-04-13 12:31:31 EST
AAPL,176.55,2024-04-13 12:26:04 EST
AAPL,176.55,2024-04-13 12:11:53 EST
AAPL,176.55,2024-04-13 11:58:11 EST
AAPL,176.55,2024-04-13 11:52:52 EST
AAPL,176.55,2024-04-13 11:47:17 EST
AAPL,176.55,2024-04-13 11:42:03 EST
AAPL,176.55,2024-04-13 11:36:44 EST
AAPL,176.55,2024-04-13 11:31:07 EST
AAPL,176.55,2024-04-13 11:25:48 EST
AAPL,176.55,2024-04-13 11:20:20 EST
AAPL,176.55,2024-04-13 11:15:23 EST
AAPL,176.55,2024-04-13 11:07:22 EST
AAPL,176.55,2024-04-13 10:58:01 EST
AAPL,176.55,2024-04-13 10:52:56 EST
AAPL,176.55,2024-04-13 10:47:26 EST
AAPL,176.55,2024-04-13 10:42:06 EST
AAPL,176.55,2024-04-13 10:36:42 EST
AAPL,176.55,2024-04-13 10:31:20 EST
AAPL,176.55,2024-04-13 10:25:48 EST
AAPL,176.55,2024-04-13 10:20:34 EST
AAPL,176.55,2024-04-13 10:08:56 EST
AAPL,176.55,2024-04-13 09:58:21 EST
AAPL,176.55,2024-04-13 09:53:06 EST
AAPL,176.55,2024-04-13 09:47:38 EST
AAPL,176.55,2024-04-13 09:42:11 EST
AAPL,176.55,2024-04-13 09:36:58 EST
AAPL,176.55,2024-04-13 09:31:38 EST
AAPL,176.55,2024-04-13 09:26:09 EST
AAPL,176.55,2024-04-13 09:20:51 EST
AAPL,176.55,2024-04-13 09:13:22 EST
AAPL,176.55,2024-04-13 09:00:55 EST
AAPL,176.55,2024-04-13 08:55:20 EST
AAPL,176.55,2024-04-13 08:49:56 EST
AAPL,176.55,2024-04-13 08:44:22 EST
AAPL,176.55,2024-04-13 08:34:35 EST
AAPL,176.55,2024-04-13 08:16:30 EST
AAPL,176.55,2024-04-13 07:59:00 EST
AAPL,176.55,2024-04-13 07:53:48 EST
AAPL,176.55,2024-04-13 07:48:26 EST
AAPL,176.55,2024-04-13 07:43:00 EST
AAPL,176.55,2024-04-13 07:37:47 EST
AAPL,176.55,2024-04-13 07:32:22 EST
AAPL,176.55,2024-04-13 07:26:20 EST
AAPL,176.55,2024-04-13 07:20:53 EST
AAPL,176.55,2024-04-13 07:15:39 EST
AAPL,176.55,2024-04-13 07:09:48 EST
AAPL,176.55,2024-04-13 07:00:34 EST
AAPL,176.55,2024-04-13 06:55:00 EST
AAPL,176.55,2024-04-13 06:49:37 EST
AAPL,176.55,2024-04-13 06:44:16 EST
AAPL,176.55,2024-04-13 06:39:06 EST
AAPL,176.55,2024-04-13 06:33:54 EST
AAPL,176.55,2024-04-13 06:28:51 EST
AAPL,176.55,2024-04-13 06:22:12 EST
AAPL,176.55,2024-04-13 06:09:49 EST
AAPL,176.55,2024-04-13 05:59:05 EST
AAPL,176.55,2024-04-13 05:53:34 EST
AAPL,176.55,2024-04-13 05:48:05 EST
AAPL,176.55,2024-04-13 05:42:57 EST
AAPL,176.55,2024-04-13 05:37:46 EST
AAPL,176.55,2024-04-13 05:32:28 EST
AAPL,176.55,2024-04-13 05:26:52 EST
AAPL,176.55,2024-04-13 05:21:26 EST
AAPL,176.55,2024-04-13 05:15:59 EST
AAPL,176.55,2024-04-13 05:07:55 EST
AAPL,176.55,2024-04-13 04:57:44 EST
AAPL,176.55,2024-04-13 04:52:31 EST
AAPL,176.55,2024-04-13 04:47:04 EST
AAPL,176.55,2024-04-13 04:41:43 EST
AAPL,176.55,2024-04-13 04:36:21 EST
AAPL,176.55,2024-04-13 04:30:33 EST
AAPL,176.55,2024-04-13 04:25:26 EST
AAPL,176.55,2024-04-13 04:20:20 EST
AAPL,176.55,2024-04-13 04:08:43 EST
AAPL,176.55,2024-04-13 03:57:25 EST
AAPL,176.55,2024-04-13 03:51:56 EST
AAPL,176.55,2024-04-13 03:46:34 EST
AAPL,176.55,2024-04-13 03:41:11 EST
AAPL,176.55,2024-04-13 03:35:58 EST
AAPL,176.55,2024-04-13 03:29:06 EST
AAPL,176.55,2024-04-13 03:23:32 EST
AAPL,176.55,2024-04-13 03:18:10 EST
AAPL,176.55,2024-04-13 03:10:50 EST
AAPL,176.55,2024-04-13 02:58:19 EST
AAPL,176.55,2024-04-13 02:53:05 EST
AAPL,176.55,2024-04-13 02:47:42 EST
AAPL,176.55,2024-04-13 02:42:11 EST
AAPL,176.55,2024-04-13 02:36:52 EST
AAPL,176.55,2024-04-13 02:30:22 EST
AAPL,176.55,2024-04-13 02:25:11 EST
AAPL,176.55,2024-04-13 02:19:33 EST
AAPL,176.55,2024-04-13 02:06:33 EST
AAPL,176.55,2024-04-13 01:55:51 EST
AAPL,176.55,2024-04-13 01:50:32 EST
AAPL,176.55,2024-04-13 01:45:02 EST
AAPL,176.55,2024-04-13 01:39:57 EST
AAPL,176.55,2024-04-13 01:34:23 EST
AAPL,176.55,2024-04-13 01:29:10 EST
AAPL,176.55,2024-04-13 01:23:31 EST
AAPL,176.55,2024-04-13 01:09:44 EST
AAPL,176.55,2024-04-13 00:56:47 EST
AAPL,176.55,2024-04-13 00:51:34 EST
AAPL,176.55,2024-04-13 00:46:05 EST
AAPL,176.55,2024-04-13 00:40:44 EST
AAPL,176.55,2024-04-13 00:35:43 EST
AAPL,176.55,2024-04-13 00:29:18 EST
AAPL,176.55,2024-04-13 00:24:02 EST
AAPL,176.55,2024-04-13 00:15:18 EST
AAPL,176.55,2024-04-13 00:00:32 EST
AAPL,176.55,2024-04-12 23:55:12 EST
AAPL,176.55,2024-04-12 23:49:43 EST
AAPL,176.55,2024-04-12 23:44:16 EST
AAPL,176.55,2024-04-12 23:39:07 EST
AAPL,176.55,2024-04-12 23:33:53 EST
AAPL,176.55,2024-04-12 23:28:03 EST
AAPL,176.55,2024-04-12 23:22:26 EST
AAPL,176.55,2024-04-12 23:17:20 EST
AAPL,176.55,2024-04-12 23:07:43 EST
AAPL,176.55,2024-04-12 22:57:32 EST
AAPL,176.55,2024-04-12 22:51:49 EST
AAPL,176.55,2024-04-12 22:46:25 EST
AAPL,176.55,2024-04-12 22:40:47 EST
AAPL,176.55,2024-04-12 22:35:29 EST
AAPL,176.55,2024-04-12 22:28:54 EST
AAPL,176.55,2024-04-12 22:23:24 EST
AAPL,176.55,2024-04-12 22:18:09 EST
AAPL,176.55,2024-04-12 22:07:24 EST
AAPL,176.55,2024-04-12 21:56:16 EST
AAPL,176.55,2024-04-12 21:47:02 EST
AAPL,176.55,2024-04-12 21:22:40 EST
AAPL,176.55,2024-04-12 20:42:06 EST
AAPL,176.55,2024-04-12 19:59:05 EST
AAPL,176.55,2024-04-12 19:53:55 EST
AAPL,176.55,2024-04-12 19:48:44 EST
AAPL,176.55,2024-04-12 19:43:20 EST
AAPL,176.55,2024-04-12 19:37:52 EST
AAPL,176.55,2024-04-12 19:32:28 EST
AAPL,176.55,2024-04-12 19:26:53 EST
AAPL,176.55,2024-04-12 19:21:18 EST
AAPL,176.55,2024-04-12 19:16:14 EST
AAPL,176.55,2024-04-12 19:07:08 EST
AAPL,176.55,2024-04-12 18:57:39 EST
AAPL,176.55,2024-04-12 18:52:30 EST
AAPL,176.55,2024-04-12 18:47:02 EST
AAPL,176.55,2024-04-12 18:41:27 EST
AAPL,176.55,2024-04-12 18:36:21 EST
AAPL,176.55,2024-04-12 18:30:03 EST
AAPL,176.55,2024-04-12 18:24:44 EST
AAPL,176.55,2024-04-12 18:15:10 EST
AAPL,176.55,2024-04-12 18:03:31 EST
AAPL,176.55,2024-04-12 17:56:14 EST
AAPL,176.55,2024-04-12 17:50:57 EST
AAPL,176.55,2024-04-12 17:45:34 EST
AAPL,176.55,2024-04-12 17:40:26 EST
AAPL,176.55,2024-04-12 17:35:06 EST
AAPL,176.55,2024-04-12 17:29:45 EST
AAPL,176.55,2024-04-12 17:23:59 EST
AAPL,176.55,2024-04-12 17:18:27 EST
AAPL,176.55,2024-04-12 17:11:24 EST
AAPL,176.55,2024-04-12 16:59:14 EST
AAPL,176.55,2024-04-12 16:53:47 EST
AAPL,176.55,2024-04-12 16:48:15 EST
AAPL,176.55,2024-04-12 16:42:53 EST
AAPL,176.55,2024-04-12 16:37:26 EST
AAPL,176.55,2024-04-12 16:31:44 EST
AAPL,176.55,2024-04-12 16:26:12 EST
AAPL,176.55,2024-04-12 16:20:49 EST
AAPL,176.55,2024-04-12 16:13:46 EST
AAPL,176.58,2024-04-12 16:00:10 EST
AAPL,176.41,2024-04-12 15:54:48 EST
AAPL,176.5,2024-04-12 15:49:16 EST
AAPL,176.22,2024-04-12 15:44:07 EST
AAPL,176.06,2024-04-12 15:38:45 EST
AAPL,176.1,2024-04-12 15:33:28 EST
AAPL,176.08,2024-04-12 15:27:38 EST
AAPL,176.01,2024-04-12 15:22:14 EST
AAPL,175.71,2024-04-12 15:17:14 EST
AAPL,175.95,2024-04-12 15:08:25 EST
AAPL,176.2,2024-04-12 14:57:43 EST
AAPL,176.12,2024-04-12 14:52:33 EST
AAPL,176.01,2024-04-12 14:47:01 EST
AAPL,175.82,2024-04-12 14:41:33 EST
AAPL,175.99,2024-04-12 14:36:05 EST
AAPL,175.98,2024-04-12 14:30:42 EST
AAPL,175.86,2024-04-12 14:25:19 EST
AAPL,175.82,2024-04-12 14:13:03 EST
AAPL,175.4,2024-04-12 13:59:24 EST
AAPL,175.59,2024-04-12 13:54:15 EST
AAPL,175.86,2024-04-12 13:48:34 EST
AAPL,175.89,2024-04-12 13:43:11 EST
AAPL,175.44,2024-04-12 13:37:41 EST
AAPL,175.35,2024-04-12 13:31:51 EST
AAPL,175.29,2024-04-12 13:26:28 EST
AAPL,175.36,2024-04-12 13:13:39 EST
AAPL,175.08,2024-04-12 13:00:27 EST
AAPL,175.19,2024-04-12 12:55:06 EST
AAPL,175.03,2024-04-12 12:49:31 EST
AAPL,175.17,2024-04-12 12:44:17 EST
AAPL,175.09,2024-04-12 12:38:44 EST
AAPL,175.29,2024-04-12 12:33:12 EST
AAPL,175.85,2024-04-12 12:26:18 EST
AAPL,175.92,2024-04-12 12:11:12 EST
AAPL,176.02,2024-04-12 11:57:54 EST
AAPL,176.37,2024-04-12 11:52:41 EST
AAPL,176.8,2024-04-12 11:47:02 EST
AAPL,176.73,2024-04-12 11:41:25 EST
AAPL,176.53,2024-04-12 11:35:58 EST
AAPL,176.27,2024-04-12 11:28:40 EST
AAPL,176.52,2024-04-12 11:23:02 EST
AAPL,175.47,2024-04-12 11:11:06 EST
AAPL,176.1,2024-04-12 10:59:07 EST
AAPL,175.86,2024-04-12 10:53:44 EST
AAPL,175.8,2024-04-12 10:48:26 EST
AAPL,175.97,2024-04-12 10:42:52 EST
AAPL,176.13,2024-04-12 10:37:16 EST
AAPL,176.66,2024-04-12 10:31:52 EST
AAPL,177.02,2024-04-12 10:25:59 EST
AAPL,176.89,2024-04-12 10:14:20 EST
AAPL,178.11,2024-04-12 10:01:13 EST
AAPL,178.01,2024-04-12 09:56:03 EST
AAPL,177.97,2024-04-12 09:50:09 EST
AAPL,177.05,2024-04-12 09:44:46 EST
AAPL,176.1,2024-04-12 09:39:10 EST
AAPL,175.41,2024-04-12 09:33:54 EST
AAPL,175.04,2024-04-12 09:28:18 EST
AAPL,175.04,2024-04-12 09:22:52 EST
AAPL,175.04,2024-04-12 09:11:33 EST
AAPL,175.04,2024-04-12 08:58:50 EST
AAPL,175.04,2024-04-12 08:52:06 EST
AAPL,175.04,2024-04-12 08:39:11 EST
AAPL,175.04,2024-04-12 08:15:16 EST
AAPL,175.04,2024-04-12 07:57:35 EST
AAPL,175.04,2024-04-12 07:52:15 EST
AAPL,175.04,2024-04-12 07:46:54 EST
AAPL,175.04,2024-04-12 07:41:31 EST
AAPL,175.04,2024-04-12 07:36:07 EST
AAPL,175.04,2024-04-12 07:30:36 EST
AAPL,175.04,2024-04-12 07:25:20 EST
AAPL,175.04,2024-04-12 07:20:01 EST
AAPL,175.04,2024-04-12 07:08:46 EST
AAPL,175.04,2024-04-12 06:57:09 EST
AAPL,175.04,2024-04-12 06:51:33 EST
AAPL,175.04,2024-04-12 06:45:56 EST
AAPL,175.04,2024-04-12 06:40:27 EST
AAPL,175.04,2024-04-12 06:35:01 EST
AAPL,175.04,2024-04-12 06:28:40 EST
AAPL,175.04,2024-04-12 06:13:46 EST
AAPL,175.04,2024-04-12 05:59:55 EST
AAPL,175.04,2024-04-12 05:54:43 EST
AAPL,175.04,2024-04-12 05:49:08 EST
AAPL,175.04,2024-04-12 05:43:39 EST
AAPL,175.04,2024-04-12 05:38:14 EST
AAPL,175.04,2024-04-12 05:32:48 EST
AAPL,175.04,2024-04-12 05:27:12 EST
AAPL,175.04,2024-04-12 05:22:04 EST
AAPL,175.04,2024-04-12 05:09:34 EST
AAPL,175.04,2024-04-12 04:57:11 EST
AAPL,175.04,2024-04-12 04:51:39 EST
AAPL,175.04,2024-04-12 04:46:38 EST
AAPL,175.04,2024-04-12 04:40:51 EST
AAPL,175.04,2024-04-12 04:34:08 EST
AAPL,175.04,2024-04-12 04:26:58 EST
AAPL,175.04,2024-04-12 04:12:53 EST
AAPL,175.04,2024-04-12 03:58:20 EST
AAPL,175.04,2024-04-12 03:53:13 EST
AAPL,175.04,2024-04-12 03:47:39 EST
AAPL,175.04,2024-04-12 03:42:06 EST
AAPL,175.04,2024-04-12 03:37:05 EST
AAPL,175.04,2024-04-12 03:31:05 EST
AAPL,175.04,2024-04-12 03:25:46 EST
AAPL,175.04,2024-04-12 03:14:52 EST
AAPL,175.04,2024-04-12 03:00:33 EST
AAPL,175.04,2024-04-12 02:55:13 EST
AAPL,175.04,2024-04-12 02:49:46 EST
AAPL,175.04,2024-04-12 02:44:27 EST
AAPL,175.04,2024-04-12 02:39:04 EST
AAPL,175.04,2024-04-12 02:33:23 EST
AAPL,175.04,2024-04-12 02:26:27 EST
AAPL,175.04,2024-04-12 02:08:34 EST
AAPL,175.04,2024-04-12 01:55:43 EST
AAPL,175.04,2024-04-12 01:50:38 EST
AAPL,175.04,2024-04-12 01:45:07 EST
AAPL,175.04,2024-04-12 01:39:39 EST
AAPL,175.04,2024-04-12 01:34:07 EST
AAPL,175.04,2024-04-12 01:27:10 EST
AAPL,175.04,2024-04-12 01:10:07 EST
AAPL,175.04,2024-04-12 00:57:44 EST
AAPL,175.04,2024-04-12 00:52:12 EST
AAPL,175.04,2024-04-12 00:47:03 EST
AAPL,175.04,2024-04-12 00:41:31 EST
AAPL,175.04,2024-04-12 00:36:14 EST
AAPL,175.04,2024-04-12 00:29:17 EST
AAPL,175.04,2024-04-12 00:14:42 EST
AAPL,175.04,2024-04-11 23:59:48 EST
AAPL,175.04,2024-04-11 23:54:43 EST
AAPL,175.04,2024-04-11 23:49:22 EST
AAPL,175.04,2024-04-11 23:44:12 EST
AAPL,175.04,2024-04-11 23:39:02 EST
AAPL,175.04,2024-04-11 23:32:40 EST
AAPL,175.04,2024-04-11 23:27:03 EST
AAPL,175.04,2024-04-11 23:21:02 EST
AAPL,175.04,2024-04-11 23:04:37 EST
AAPL,175.04,2024-04-11 22:55:49 EST
AAPL,175.04,2024-04-11 22:50:33 EST
AAPL,175.04,2024-04-11 22:45:17 EST
AAPL,175.04,2024-04-11 22:39:54 EST
AAPL,175.04,2024-04-11 22:30:51 EST
AAPL,175.04,2024-04-11 22:07:57 EST
AAPL,175.04,2024-04-11 21:35:09 EST
AAPL,175.04,2024-04-11 20:34:45 EST
AAPL,175.04,2024-04-11 19:56:46 EST
AAPL,175.04,2024-04-11 19:51:18 EST
AAPL,175.04,2024-04-11 19:45:55 EST
AAPL,175.04,2024-04-11 19:40:36 EST
AAPL,175.04,2024-04-11 19:35:25 EST
AAPL,175.04,2024-04-11 19:28:24 EST
AAPL,175.04,2024-04-11 19:22:51 EST
AAPL,175.04,2024-04-11 19:12:26 EST
AAPL,175.04,2024-04-11 18:58:45 EST
AAPL,175.04,2024-04-11 18:53:21 EST
AAPL,175.04,2024-04-11 18:47:43 EST
AAPL,175.04,2024-04-11 18:42:18 EST
AAPL,175.04,2024-04-11 18:36:46 EST
AAPL,175.04,2024-04-11 18:31:11 EST
AAPL,175.04,2024-04-11 18:22:39 EST
AAPL,175.04,2024-04-11 18:08:20 EST
AAPL,175.04,2024-04-11 17:57:29 EST
AAPL,175.04,2024-04-11 17:52:01 EST
AAPL,175.04,2024-04-11 17:46:23 EST
AAPL,175.04,2024-04-11 17:40:54 EST
AAPL,175.04,2024-04-11 17:35:38 EST
AAPL,175.04,2024-04-11 17:30:20 EST
AAPL,175.04,2024-04-11 17:24:51 EST
AAPL,175.04,2024-04-11 17:19:43 EST
AAPL,175.04,2024-04-11 17:09:47 EST
AAPL,175.04,2024-04-11 16:57:58 EST
AAPL,175.04,2024-04-11 16:52:32 EST
AAPL,175.04,2024-04-11 16:47:18 EST
AAPL,175.04,2024-04-11 16:41:45 EST
AAPL,175.04,2024-04-11 16:36:24 EST
AAPL,175.04,2024-04-11 16:29:12 EST
AAPL,175.04,2024-04-11 16:23:50 EST
AAPL,175.04,2024-04-11 16:13:28 EST
AAPL,175.03,2024-04-11 16:00:15 EST
AAPL,175.02,2024-04-11 15:55:01 EST
AAPL,175.38,2024-04-11 15:49:25 EST
AAPL,175.11,2024-04-11 15:43:47 EST
AAPL,174.92,2024-04-11 15:38:13 EST
AAPL,174.96,2024-04-11 15:32:51 EST
AAPL,174.83,2024-04-11 15:27:01 EST
AAPL,174.47,2024-04-11 15:21:44 EST
AAPL,174.11,2024-04-11 15:16:24 EST
AAPL,174.0,2024-04-11 15:08:39 EST
AAPL,173.84,2024-04-11 14:58:24 EST
AAPL,173.95,2024-04-11 14:53:06 EST
AAPL,173.91,2024-04-11 14:47:57 EST
AAPL,174.2,2024-04-11 14:42:13 EST
AAPL,174.49,2024-04-11 14:36:59 EST
AAPL,174.28,2024-04-11 14:31:36 EST
AAPL,174.1,2024-04-11 14:26:11 EST
AAPL,173.65,2024-04-11 14:12:21 EST
AAPL,173.08,2024-04-11 13:58:19 EST
AAPL,173.07,2024-04-11 13:53:08 EST
AAPL,172.69,2024-04-11 13:47:52 EST
AAPL,172.14,2024-04-11 13:42:22 EST
AAPL,172.44,2024-04-11 13:37:11 EST
AAPL,171.96,2024-04-11 13:31:06 EST
AAPL,171.86,2024-04-11 13:25:34 EST
AAPL,171.16,2024-04-11 13:13:03 EST
AAPL,170.36,2024-04-11 12:59:55 EST
AAPL,170.14,2024-04-11 12:54:28 EST
AAPL,170.12,2024-04-11 12:49:12 EST
AAPL,170.02,2024-04-11 12:43:44 EST
AAPL,170.0,2024-04-11 12:38:13 EST
AAPL,169.93,2024-04-11 12:32:40 EST
AAPL,170.17,2024-04-11 12:26:54 EST
AAPL,170.06,2024-04-11 12:14:11 EST
AAPL,169.92,2024-04-11 12:00:04 EST
AAPL,169.61,2024-04-11 11:54:58 EST
AAPL,169.56,2024-04-11 11:49:46 EST
AAPL,169.45,2024-04-11 11:44:38 EST
AAPL,169.48,2024-04-11 11:39:08 EST
AAPL,169.29,2024-04-11 11:33:45 EST
AAPL,169.08,2024-04-11 11:27:30 EST
AAPL,169.14,2024-04-11 11:22:07 EST
AAPL,169.23,2024-04-11 11:08:55 EST
AAPL,169.14,2024-04-11 10:57:23 EST
AAPL,169.23,2024-04-11 10:51:59 EST
AAPL,169.24,2024-04-11 10:46:26 EST
AAPL,169.12,2024-04-11 10:41:02 EST
AAPL,168.97,2024-04-11 10:35:27 EST
AAPL,168.69,2024-04-11 10:29:47 EST
AAPL,168.45,2024-04-11 10:22:38 EST
AAPL,168.53,2024-04-11 10:07:56 EST
AAPL,168.86,2024-04-11 09:56:55 EST
AAPL,169.0,2024-04-11 09:53:27 EST
AAPL,168.93,2024-04-11 09:46:27 EST
AAPL,168.45,2024-04-11 09:40:52 EST
AAPL,168.32,2024-04-11 09:35:35 EST
AAPL,167.78,2024-04-11 09:29:27 EST
AAPL,167.78,2024-04-11 09:24:09 EST
AAPL,167.78,2024-04-11 09:13:13 EST
AAPL,167.78,2024-04-11 08:59:35 EST
AAPL,167.78,2024-04-11 08:52:39 EST
AAPL,167.78,2024-04-11 08:38:46 EST
AAPL,167.78,2024-04-11 08:13:13 EST
AAPL,167.78,2024-04-11 07:56:49 EST
AAPL,167.78,2024-04-11 07:51:12 EST
AAPL,167.78,2024-04-11 07:45:40 EST
AAPL,167.78,2024-04-11 07:40:13 EST
AAPL,167.78,2024-04-11 07:34:41 EST
AAPL,167.78,2024-04-11 07:28:54 EST
AAPL,167.78,2024-04-11 07:23:32 EST
AAPL,167.78,2024-04-11 07:18:11 EST
AAPL,167.78,2024-04-11 07:07:27 EST
AAPL,167.78,2024-04-11 06:57:23 EST
AAPL,167.78,2024-04-11 06:51:56 EST
AAPL,167.78,2024-04-11 06:46:13 EST
AAPL,167.78,2024-04-11 06:40:45 EST
AAPL,167.78,2024-04-11 06:35:36 EST
AAPL,167.78,2024-04-11 06:28:50 EST
AAPL,167.78,2024-04-11 06:14:10 EST
AAPL,167.78,2024-04-11 05:59:52 EST
AAPL,167.78,2024-04-11 05:54:39 EST
AAPL,167.78,2024-04-11 05:49:05 EST
AAPL,167.78,2024-04-11 05:43:47 EST
AAPL,167.78,2024-04-11 05:38:27 EST
AAPL,167.78,2024-04-11 05:33:09 EST
AAPL,167.78,2024-04-11 05:27:19 EST
AAPL,167.78,2024-04-11 05:22:09 EST
AAPL,167.78,2024-04-11 05:11:14 EST
AAPL,167.78,2024-04-11 04:58:20 EST
AAPL,167.78,2024-04-11 04:53:02 EST
AAPL,167.78,2024-04-11 04:47:37 EST
AAPL,167.78,2024-04-11 04:42:14 EST
AAPL,167.78,2024-04-11 04:36:19 EST
AAPL,167.78,2024-04-11 04:27:24 EST
AAPL,167.78,2024-04-11 04:08:16 EST
AAPL,167.78,2024-04-11 03:55:47 EST
AAPL,167.78,2024-04-11 03:50:22 EST
AAPL,167.78,2024-04-11 03:44:47 EST
AAPL,167.78,2024-04-11 03:39:15 EST
AAPL,167.78,2024-04-11 03:33:57 EST
AAPL,167.78,2024-04-11 03:27:17 EST
AAPL,167.78,2024-04-11 03:22:09 EST
AAPL,167.78,2024-04-11 03:14:34 EST
AAPL,167.78,2024-04-11 03:01:06 EST
AAPL,167.78,2024-04-11 02:55:28 EST
AAPL,167.78,2024-04-11 02:50:11 EST
AAPL,167.78,2024-04-11 02:44:52 EST
AAPL,167.78,2024-04-11 02:39:28 EST
AAPL,167.78,2024-04-11 02:33:51 EST
AAPL,167.78,2024-04-11 02:27:00 EST
AAPL,167.78,2024-04-11 02:10:37 EST
AAPL,167.78,2024-04-11 01:56:51 EST
AAPL,167.78,2024-04-11 01:51:39 EST
AAPL,167.78,2024-04-11 01:46:15 EST
AAPL,167.78,2024-04-11 01:41:00 EST
AAPL,167.78,2024-04-11 01:35:33 EST
AAPL,167.78,2024-04-11 01:30:10 EST
AAPL,167.78,2024-04-11 01:23:35 EST
AAPL,167.78,2024-04-11 01:08:28 EST
AAPL,167.78,2024-04-11 00:56:56 EST
AAPL,167.78,2024-04-11 00:51:25 EST
AAPL,167.78,2024-04-11 00:46:17 EST
AAPL,167.78,2024-04-11 00:40:53 EST
AAPL,167.78,2024-04-11 00:35:03 EST
AAPL,167.78,2024-04-11 00:28:03 EST
AAPL,167.78,2024-04-11 00:16:34 EST
AAPL,167.78,2024-04-11 00:00:49 EST
AAPL,167.78,2024-04-10 23:55:29 EST
AAPL,167.78,2024-04-10 23:49:56 EST
AAPL,167.78,2024-04-10 23:44:18 EST
AAPL,167.78,2024-04-10 23:38:54 EST
AAPL,167.78,2024-04-10 23:33:32 EST
AAPL,167.78,2024-04-10 23:27:41 EST
AAPL,167.78,2024-04-10 23:22:24 EST
AAPL,167.78,2024-04-10 23:11:42 EST
AAPL,167.78,2024-04-10 22:58:44 EST
AAPL,167.78,2024-04-10 22:53:31 EST
AAPL,167.78,2024-04-10 22:48:07 EST
AAPL,167.78,2024-04-10 22:42:43 EST
AAPL,167.78,2024-04-10 22:37:24 EST
AAPL,167.78,2024-04-10 22:29:01 EST
AAPL,167.78,2024-04-10 22:07:57 EST
AAPL,167.78,2024-04-10 21:36:56 EST
AAPL,167.78,2024-04-10 20:38:19 EST
AAPL,167.78,2024-04-10 19:57:18 EST
AAPL,167.78,2024-04-10 19:51:52 EST
AAPL,167.78,2024-04-10 19:46:22 EST
AAPL,167.78,2024-04-10 19:40:51 EST
AAPL,167.78,2024-04-10 19:35:37 EST
AAPL,167.78,2024-04-10 19:29:37 EST
AAPL,167.78,2024-04-10 19:24:16 EST
AAPL,167.78,2024-04-10 19:14:15 EST
AAPL,167.78,2024-04-10 19:00:06 EST
AAPL,167.78,2024-04-10 18:54:45 EST
AAPL,167.78,2024-04-10 18:49:15 EST
AAPL,167.78,2024-04-10 18:43:47 EST
AAPL,167.78,2024-04-10 18:38:12 EST
AAPL,167.78,2024-04-10 18:32:40 EST
AAPL,167.78,2024-04-10 18:25:45 EST
AAPL,167.78,2024-04-10 18:09:06 EST
AAPL,167.78,2024-04-10 17:56:49 EST
AAPL,167.78,2024-04-10 17:51:23 EST
AAPL,167.78,2024-04-10 17:45:48 EST
AAPL,167.78,2024-04-10 17:40:33 EST
AAPL,167.78,2024-04-10 17:35:08 EST
AAPL,167.78,2024-04-10 17:29:10 EST
AAPL,167.78,2024-04-10 17:23:58 EST
AAPL,167.78,2024-04-10 17:18:41 EST
AAPL,167.78,2024-04-10 17:07:52 EST
AAPL,167.78,2024-04-10 16:56:53 EST
AAPL,167.78,2024-04-10 16:51:25 EST
AAPL,167.78,2024-04-10 16:46:00 EST
AAPL,167.78,2024-04-10 16:40:35 EST
AAPL,167.78,2024-04-10 16:35:23 EST
AAPL,167.78,2024-04-10 16:28:15 EST
AAPL,167.78,2024-04-10 16:22:52 EST
AAPL,167.78,2024-04-10 16:13:14 EST
AAPL,168.01,2024-04-10 15:59:54 EST
AAPL,168.14,2024-04-10 15:54:41 EST
AAPL,168.51,2024-04-10 15:49:07 EST
AAPL,168.46,2024-04-10 15:43:39 EST
AAPL,168.26,2024-04-10 15:38:11 EST
AAPL,168.22,2024-04-10 15:32:26 EST
AAPL,168.45,2024-04-10 15:26:41 EST
AAPL,168.34,2024-04-10 15:21:21 EST
AAPL,168.27,2024-04-10 15:16:00 EST
AAPL,167.69,2024-04-10 15:04:31 EST
AAPL,167.9,2024-04-10 14:55:46 EST
AAPL,168.04,2024-04-10 14:19:14 EST
AAPL,168.2,2024-04-10 14:00:34 EST
AAPL,168.12,2024-04-10 13:55:15 EST
AAPL,168.03,2024-04-10 13:49:53 EST
AAPL,167.87,2024-04-10 13:44:10 EST
AAPL,167.84,2024-04-10 13:38:46 EST
AAPL,167.99,2024-04-10 13:33:20 EST
AAPL,168.51,2024-04-10 13:27:39 EST
AAPL,168.07,2024-04-10 13:20:20 EST
AAPL,167.79,2024-04-10 13:07:45 EST
AAPL,168.26,2024-04-10 12:57:30 EST
AAPL,168.16,2024-04-10 12:52:16 EST
AAPL,168.0,2024-04-10 12:47:17 EST
AAPL,168.0,2024-04-10 12:41:30 EST
AAPL,168.01,2024-04-10 12:32:08 EST
AAPL,167.72,2024-04-10 12:17:30 EST
AAPL,167.62,2024-04-10 11:59:40 EST
AAPL,167.58,2024-04-10 11:54:31 EST
AAPL,167.62,2024-04-10 11:49:19 EST
AAPL,167.65,2024-04-10 11:44:09 EST
AAPL,167.78,2024-04-10 11:38:34 EST
AAPL,167.85,2024-04-10 11:32:34 EST
AAPL,167.72,2024-04-10 11:26:50 EST
AAPL,167.71,2024-04-10 11:20:56 EST
AAPL,167.84,2024-04-10 11:05:55 EST
AAPL,168.12,2024-04-10 10:55:56 EST
AAPL,168.17,2024-04-10 10:50:37 EST
AAPL,168.22,2024-04-10 10:45:27 EST
AAPL,168.59,2024-04-10 10:40:09 EST
AAPL,168.26,2024-04-10 10:34:59 EST
AAPL,168.04,2024-04-10 10:29:20 EST
AAPL,167.99,2024-04-10 10:23:04 EST
AAPL,167.46,2024-04-10 10:09:39 EST
AAPL,167.53,2024-04-10 09:58:30 EST
AAPL,167.74,2024-04-10 09:53:01 EST
AAPL,167.45,2024-04-10 09:47:38 EST
AAPL,168.11,2024-04-10 09:42:13 EST
AAPL,168.51,2024-04-10 09:36:52 EST
AAPL,169.67,2024-04-10 09:30:00 EST
AAPL,169.67,2024-04-10 09:24:40 EST
AAPL,169.67,2024-04-10 09:15:48 EST
AAPL,169.67,2024-04-10 09:01:00 EST
AAPL,169.67,2024-04-10 08:54:34 EST
AAPL,169.67,2024-04-10 08:41:46 EST
AAPL,169.67,2024-04-10 08:17:26 EST
AAPL,169.67,2024-04-10 07:58:11 EST
AAPL,169.67,2024-04-10 07:52:44 EST
AAPL,169.67,2024-04-10 07:47:16 EST
AAPL,169.67,2024-04-10 07:41:42 EST
AAPL,169.67,2024-04-10 07:36:20 EST
AAPL,169.67,2024-04-10 07:30:54 EST
AAPL,169.67,2024-04-10 07:25:29 EST
AAPL,169.67,2024-04-10 07:20:11 EST
AAPL,169.67,2024-04-10 07:08:25 EST
AAPL,169.67,2024-04-10 06:56:47 EST
AAPL,169.67,2024-04-10 06:51:18 EST
AAPL,169.67,2024-04-10 06:46:05 EST
AAPL,169.67,2024-04-10 06:40:31 EST
AAPL,169.67,2024-04-10 06:35:11 EST
AAPL,169.67,2024-04-10 06:26:09 EST
AAPL,169.67,2024-04-10 06:08:37 EST
AAPL,169.67,2024-04-10 05:57:09 EST
AAPL,169.67,2024-04-10 05:51:56 EST
AAPL,169.67,2024-04-10 05:46:20 EST
AAPL,169.67,2024-04-10 05:40:57 EST
AAPL,169.67,2024-04-10 05:35:44 EST
AAPL,169.67,2024-04-10 05:30:14 EST
AAPL,169.67,2024-04-10 05:26:01 EST
AAPL,169.67,2024-04-10 05:15:24 EST
AAPL,169.67,2024-04-10 05:00:30 EST
AAPL,169.67,2024-04-10 04:55:06 EST
AAPL,169.67,2024-04-10 04:49:55 EST
AAPL,169.67,2024-04-10 04:44:41 EST
AAPL,169.67,2024-04-10 04:39:41 EST
AAPL,169.67,2024-04-10 04:32:09 EST
AAPL,169.67,2024-04-10 04:19:20 EST
AAPL,169.67,2024-04-10 04:00:33 EST
AAPL,169.67,2024-04-10 03:55:38 EST
AAPL,169.67,2024-04-10 03:49:53 EST
AAPL,169.67,2024-04-10 03:44:26 EST
AAPL,169.67,2024-04-10 03:39:12 EST
AAPL,169.67,2024-04-10 03:33:48 EST
AAPL,169.67,2024-04-10 03:27:48 EST
AAPL,169.67,2024-04-10 03:22:18 EST
AAPL,169.67,2024-04-10 03:11:54 EST
AAPL,169.67,2024-04-10 02:58:25 EST
AAPL,169.67,2024-04-10 02:52:52 EST
AAPL,169.67,2024-04-10 02:47:26 EST
AAPL,169.67,2024-04-10 02:42:06 EST
AAPL,169.67,2024-04-10 02:36:21 EST
AAPL,169.67,2024-04-10 02:27:58 EST
AAPL,169.67,2024-04-10 02:11:25 EST
AAPL,169.67,2024-04-10 01:57:04 EST
AAPL,169.67,2024-04-10 01:51:41 EST
AAPL,169.67,2024-04-10 01:46:04 EST
AAPL,169.67,2024-04-10 01:40:39 EST
AAPL,169.67,2024-04-10 01:35:08 EST
AAPL,169.67,2024-04-10 01:29:35 EST
AAPL,169.67,2024-04-10 01:22:37 EST
AAPL,169.67,2024-04-10 01:08:52 EST
AAPL,169.67,2024-04-10 00:57:40 EST
AAPL,169.67,2024-04-10 00:52:02 EST
AAPL,169.67,2024-04-10 00:46:40 EST
AAPL,169.67,2024-04-10 00:41:12 EST
AAPL,169.67,2024-04-10 00:35:52 EST
AAPL,169.67,2024-04-10 00:30:11 EST
AAPL,169.67,2024-04-10 00:24:43 EST
AAPL,169.67,2024-04-10 00:11:25 EST
AAPL,169.67,2024-04-09 23:57:58 EST
AAPL,169.67,2024-04-09 23:52:37 EST
AAPL,169.67,2024-04-09 23:46:54 EST
AAPL,169.67,2024-04-09 23:41:27 EST
AAPL,169.67,2024-04-09 23:35:49 EST
AAPL,169.67,2024-04-09 23:30:05 EST
AAPL,169.67,2024-04-09 23:24:45 EST
AAPL,169.67,2024-04-09 23:14:17 EST
AAPL,169.67,2024-04-09 23:02:28 EST
AAPL,169.67,2024-04-09 22:54:11 EST
AAPL,169.67,2024-04-09 22:48:31 EST
AAPL,169.67,2024-04-09 22:43:01 EST
AAPL,169.67,2024-04-09 22:37:30 EST
AAPL,169.67,2024-04-09 22:25:32 EST
AAPL,169.67,2024-04-09 22:03:33 EST
AAPL,169.67,2024-04-09 21:30:22 EST
AAPL,169.67,2024-04-09 20:26:24 EST
AAPL,169.67,2024-04-09 19:55:35 EST
AAPL,169.67,2024-04-09 19:50:18 EST
AAPL,169.67,2024-04-09 19:44:47 EST
AAPL,169.67,2024-04-09 19:39:20 EST
AAPL,169.67,2024-04-09 19:33:54 EST
AAPL,169.67,2024-04-09 19:27:33 EST
AAPL,169.67,2024-04-09 19:22:16 EST
AAPL,169.67,2024-04-09 19:09:47 EST
AAPL,169.67,2024-04-09 18:57:32 EST
AAPL,169.67,2024-04-09 18:52:07 EST
AAPL,169.67,2024-04-09 18:46:30 EST
AAPL,169.67,2024-04-09 18:40:58 EST
AAPL,169.67,2024-04-09 18:35:30 EST
AAPL,169.67,2024-04-09 18:28:36 EST
AAPL,169.67,2024-04-09 18:21:15 EST
AAPL,169.67,2024-04-09 18:07:56 EST
AAPL,169.67,2024-04-09 17:57:25 EST
AAPL,169.67,2024-04-09 17:51:52 EST
AAPL,169.67,2024-04-09 17:46:18 EST
AAPL,169.67,2024-04-09 17:40:52 EST
AAPL,169.67,2024-04-09 17:35:41 EST
AAPL,169.67,2024-04-09 17:30:08 EST
AAPL,169.67,2024-04-09 17:24:53 EST
AAPL,169.67,2024-04-09 17:19:39 EST
AAPL,169.67,2024-04-09 17:10:15 EST
AAPL,169.67,2024-04-09 16:58:20 EST
AAPL,169.67,2024-04-09 16:52:46 EST
AAPL,169.67,2024-04-09 16:47:32 EST
AAPL,169.67,2024-04-09 16:42:06 EST
AAPL,169.67,2024-04-09 16:37:00 EST
AAPL,169.67,2024-04-09 16:31:23 EST
AAPL,169.67,2024-04-09 16:25:47 EST
AAPL,169.67,2024-04-09 16:20:20 EST
AAPL,169.67,2024-04-09 16:07:59 EST
AAPL,169.21,2024-04-09 15:56:58 EST
AAPL,169.13,2024-04-09 15:51:41 EST
AAPL,169.2,2024-04-09 15:46:17 EST
AAPL,169.18,2024-04-09 15:40:55 EST
AAPL,169.35,2024-04-09 15:35:26 EST
AAPL,169.24,2024-04-09 15:29:56 EST
AAPL,168.76,2024-04-09 15:24:30 EST
AAPL,168.56,2024-04-09 15:18:59 EST
AAPL,168.42,2024-04-09 15:13:38 EST
AAPL,168.54,2024-04-09 15:06:01 EST
AAPL,168.58,2024-04-09 14:56:44 EST
AAPL,168.58,2024-04-09 14:51:28 EST
AAPL,168.62,2024-04-09 14:46:03 EST
AAPL,168.6,2024-04-09 14:40:37 EST
AAPL,168.51,2024-04-09 14:35:27 EST
AAPL,168.6,2024-04-09 14:29:06 EST
AAPL,168.66,2024-04-09 14:23:35 EST
AAPL,168.65,2024-04-09 14:12:31 EST
AAPL,169.02,2024-04-09 13:58:26 EST
AAPL,169.13,2024-04-09 13:53:12 EST
AAPL,169.3,2024-04-09 13:47:36 EST
AAPL,169.43,2024-04-09 13:42:07 EST
AAPL,169.25,2024-04-09 13:37:09 EST
AAPL,169.21,2024-04-09 13:31:14 EST
AAPL,169.4,2024-04-09 13:25:35 EST
AAPL,169.41,2024-04-09 13:14:09 EST
AAPL,169.07,2024-04-09 13:01:45 EST
AAPL,168.93,2024-04-09 12:55:47 EST
AAPL,169.21,2024-04-09 12:50:41 EST
AAPL,169.12,2024-04-09 12:45:27 EST
AAPL,169.12,2024-04-09 12:40:27 EST
AAPL,169.09,2024-04-09 12:33:16 EST
AAPL,168.93,2024-04-09 12:21:36 EST
AAPL,168.98,2024-04-09 12:03:13 EST
AAPL,169.12,2024-04-09 11:55:51 EST
AAPL,169.1,2024-04-09 11:50:29 EST
AAPL,169.08,2024-04-09 11:45:19 EST
AAPL,168.8,2024-04-09 11:39:51 EST
AAPL,168.86,2024-04-09 11:34:31 EST
AAPL,168.66,2024-04-09 11:27:26 EST
AAPL,168.68,2024-04-09 11:21:55 EST
AAPL,168.78,2024-04-09 11:09:34 EST
AAPL,168.6,2024-04-09 10:57:40 EST
AAPL,168.74,2024-04-09 10:52:03 EST
AAPL,168.78,2024-04-09 10:46:44 EST
AAPL,168.79,2024-04-09 10:41:21 EST
AAPL,169.04,2024-04-09 10:35:51 EST
AAPL,169.46,2024-04-09 10:29:08 EST
AAPL,169.88,2024-04-09 10:21:28 EST
AAPL,169.82,2024-04-09 10:07:26 EST
AAPL,169.4,2024-04-09 09:56:49 EST
AAPL,169.28,2024-04-09 09:51:14 EST
AAPL,169.56,2024-04-09 09:45:42 EST
AAPL,169.61,2024-04-09 09:40:15 EST
AAPL,168.64,2024-04-09 09:35:00 EST
AAPL,168.45,2024-04-09 09:28:46 EST
AAPL,168.45,2024-04-09 09:23:11 EST
AAPL,168.45,2024-04-09 09:13:18 EST
AAPL,168.45,2024-04-09 08:59:42 EST
AAPL,168.45,2024-04-09 08:53:08 EST
AAPL,168.45,2024-04-09 08:40:31 EST
AAPL,168.45,2024-04-09 08:15:38 EST
AAPL,168.45,2024-04-09 07:57:30 EST
AAPL,168.45,2024-04-09 07:52:01 EST
AAPL,168.45,2024-04-09 07:46:26 EST
AAPL,168.45,2024-04-09 07:40:54 EST
AAPL,168.45,2024-04-09 07:35:29 EST
AAPL,168.45,2024-04-09 07:28:35 EST
AAPL,168.45,2024-04-09 07:23:01 EST
AAPL,168.45,2024-04-09 07:18:00 EST
AAPL,168.45,2024-04-09 07:10:56 EST
AAPL,168.45,2024-04-09 07:00:01 EST
AAPL,168.45,2024-04-09 06:54:39 EST
AAPL,168.45,2024-04-09 06:49:11 EST
AAPL,168.45,2024-04-09 06:43:23 EST
AAPL,168.45,2024-04-09 06:37:57 EST
AAPL,168.45,2024-04-09 06:30:34 EST
AAPL,168.45,2024-04-09 06:14:23 EST
AAPL,168.45,2024-04-09 05:59:08 EST
AAPL,168.45,2024-04-09 05:53:49 EST
AAPL,168.45,2024-04-09 05:48:23 EST
AAPL,168.45,2024-04-09 05:42:59 EST
AAPL,168.45,2024-04-09 05:37:40 EST
AAPL,168.45,2024-04-09 05:30:19 EST
AAPL,168.45,2024-04-09 05:25:04 EST
AAPL,168.45,2024-04-09 05:15:46 EST
AAPL,168.45,2024-04-09 05:01:20 EST
AAPL,168.45,2024-04-09 04:55:39 EST
AAPL,168.45,2024-04-09 04:50:11 EST
AAPL,168.45,2024-04-09 04:44:58 EST
AAPL,168.45,2024-04-09 04:39:27 EST
AAPL,168.45,2024-04-09 04:33:51 EST
AAPL,168.45,2024-04-09 04:28:05 EST
AAPL,168.45,2024-04-09 04:16:57 EST
AAPL,168.45,2024-04-09 04:00:21 EST
AAPL,168.45,2024-04-09 03:54:53 EST
AAPL,168.45,2024-04-09 03:49:38 EST
AAPL,168.45,2024-04-09 03:44:18 EST
AAPL,168.45,2024-04-09 03:39:02 EST
AAPL,168.45,2024-04-09 03:33:38 EST
AAPL,168.45,2024-04-09 03:28:00 EST
AAPL,168.45,2024-04-09 03:22:49 EST
AAPL,168.45,2024-04-09 03:15:11 EST
AAPL,168.45,2024-04-09 03:01:17 EST
AAPL,168.45,2024-04-09 02:55:43 EST
AAPL,168.45,2024-04-09 02:50:09 EST
AAPL,168.45,2024-04-09 02:44:40 EST
AAPL,168.45,2024-04-09 02:39:20 EST
AAPL,168.45,2024-04-09 02:34:02 EST
AAPL,168.45,2024-04-09 02:27:16 EST
AAPL,168.45,2024-04-09 02:11:33 EST
AAPL,168.45,2024-04-09 01:57:16 EST
AAPL,168.45,2024-04-09 01:52:02 EST
AAPL,168.45,2024-04-09 01:46:40 EST
AAPL,168.45,2024-04-09 01:41:21 EST
AAPL,168.45,2024-04-09 01:35:57 EST
AAPL,168.45,2024-04-09 01:30:34 EST
AAPL,168.45,2024-04-09 01:25:02 EST
AAPL,168.45,2024-04-09 01:12:20 EST
AAPL,168.45,2024-04-09 00:59:50 EST
AAPL,168.45,2024-04-09 00:54:21 EST
AAPL,168.45,2024-04-09 00:48:50 EST
AAPL,168.45,2024-04-09 00:43:03 EST
AAPL,168.45,2024-04-09 00:37:33 EST
AAPL,168.45,2024-04-09 00:32:14 EST
AAPL,168.45,2024-04-09 00:26:11 EST
AAPL,168.45,2024-04-09 00:11:34 EST
AAPL,168.45,2024-04-08 23:57:09 EST
AAPL,168.45,2024-04-08 23:51:37 EST
AAPL,168.45,2024-04-08 23:46:01 EST
AAPL,168.45,2024-04-08 23:40:29 EST
AAPL,168.45,2024-04-08 23:35:07 EST
AAPL,168.45,2024-04-08 23:28:36 EST
AAPL,168.45,2024-04-08 23:23:07 EST
AAPL,168.45,2024-04-08 23:08:33 EST
AAPL,168.45,2024-04-08 22:56:00 EST
AAPL,168.45,2024-04-08 22:50:29 EST
AAPL,168.45,2024-04-08 22:45:00 EST
AAPL,168.45,2024-04-08 22:39:29 EST
AAPL,168.45,2024-04-08 22:34:11 EST
AAPL,168.45,2024-04-08 22:26:52 EST
AAPL,168.45,2024-04-08 22:06:58 EST
AAPL,168.45,2024-04-08 21:41:32 EST
AAPL,168.45,2024-04-08 20:56:46 EST
AAPL,168.45,2024-04-08 20:00:00 EST
AAPL,168.45,2024-04-08 19:54:50 EST
AAPL,168.45,2024-04-08 19:49:15 EST
AAPL,168.45,2024-04-08 19:43:55 EST
AAPL,168.45,2024-04-08 19:38:31 EST
AAPL,168.45,2024-04-08 19:32:50 EST
AAPL,168.45,2024-04-08 19:26:52 EST
AAPL,168.45,2024-04-08 19:20:56 EST
AAPL,168.45,2024-04-08 19:08:02 EST
AAPL,168.45,2024-04-08 18:56:36 EST
AAPL,168.45,2024-04-08 18:50:58 EST
AAPL,168.45,2024-04-08 18:45:21 EST
AAPL,168.45,2024-04-08 18:39:58 EST
AAPL,168.45,2024-04-08 18:34:34 EST
AAPL,168.45,2024-04-08 18:28:20 EST
AAPL,168.45,2024-04-08 18:13:46 EST
AAPL,168.45,2024-04-08 17:59:52 EST
AAPL,168.45,2024-04-08 17:54:28 EST
AAPL,168.45,2024-04-08 17:49:17 EST
AAPL,168.45,2024-04-08 17:43:55 EST
AAPL,168.45,2024-04-08 17:38:37 EST
AAPL,168.45,2024-04-08 17:33:17 EST
AAPL,168.45,2024-04-08 17:27:40 EST
AAPL,168.45,2024-04-08 17:22:23 EST
AAPL,168.45,2024-04-08 17:16:33 EST
AAPL,168.45,2024-04-08 17:03:23 EST
AAPL,168.45,2024-04-08 16:55:55 EST
AAPL,168.45,2024-04-08 16:50:27 EST
AAPL,168.45,2024-04-08 16:45:07 EST
AAPL,168.45,2024-04-08 16:39:52 EST
AAPL,168.45,2024-04-08 16:34:37 EST
AAPL,168.45,2024-04-08 16:28:57 EST
AAPL,168.45,2024-04-08 16:22:33 EST
AAPL,168.45,2024-04-08 16:06:34 EST
AAPL,168.36,2024-04-08 15:56:16 EST
AAPL,168.66,2024-04-08 15:50:39 EST
AAPL,168.62,2024-04-08 15:45:10 EST
AAPL,168.71,2024-04-08 15:39:52 EST
AAPL,168.94,2024-04-08 15:34:19 EST
AAPL,168.72,2024-04-08 15:28:07 EST
AAPL,168.72,2024-04-08 15:22:44 EST
AAPL,168.69,2024-04-08 15:17:24 EST
AAPL,168.69,2024-04-08 15:11:04 EST
AAPL,168.74,2024-04-08 15:00:03 EST
AAPL,168.67,2024-04-08 14:54:35 EST
AAPL,168.61,2024-04-08 14:49:19 EST
AAPL,168.61,2024-04-08 14:43:43 EST
AAPL,168.69,2024-04-08 14:38:15 EST
AAPL,168.79,2024-04-08 14:30:32 EST
AAPL,168.8,2024-04-08 14:14:23 EST
AAPL,168.72,2024-04-08 13:58:52 EST
AAPL,168.52,2024-04-08 13:53:14 EST
AAPL,168.53,2024-04-08 13:47:50 EST
AAPL,168.54,2024-04-08 13:42:22 EST
AAPL,168.62,2024-04-08 13:37:09 EST
AAPL,168.63,2024-04-08 13:31:45 EST
AAPL,168.46,2024-04-08 13:25:59 EST
AAPL,168.56,2024-04-08 13:13:42 EST
AAPL,168.8,2024-04-08 13:00:36 EST
AAPL,168.68,2024-04-08 12:55:11 EST
AAPL,168.76,2024-04-08 12:49:37 EST
AAPL,168.72,2024-04-08 12:44:39 EST
AAPL,168.65,2024-04-08 12:38:56 EST
AAPL,168.5,2024-04-08 12:31:02 EST
AAPL,168.52,2024-04-08 12:16:57 EST
AAPL,168.64,2024-04-08 11:59:34 EST
AAPL,168.62,2024-04-08 11:54:28 EST
AAPL,168.58,2024-04-08 11:48:33 EST
AAPL,168.66,2024-04-08 11:43:07 EST
AAPL,168.47,2024-04-08 11:37:48 EST
AAPL,168.75,2024-04-08 11:31:43 EST
AAPL,168.88,2024-04-08 11:27:09 EST
AAPL,168.82,2024-04-08 11:20:36 EST
AAPL,168.96,2024-04-08 11:10:03 EST
AAPL,169.0,2024-04-08 10:58:23 EST
AAPL,169.01,2024-04-08 10:52:52 EST
AAPL,168.88,2024-04-08 10:47:17 EST
AAPL,168.94,2024-04-08 10:41:46 EST
AAPL,168.93,2024-04-08 10:36:11 EST
AAPL,168.93,2024-04-08 10:30:58 EST
AAPL,168.8,2024-04-08 10:23:13 EST
AAPL,168.96,2024-04-08 10:07:27 EST
AAPL,169.02,2024-04-08 09:56:45 EST
AAPL,168.81,2024-04-08 09:51:14 EST
AAPL,168.88,2024-04-08 09:45:42 EST
AAPL,168.6,2024-04-08 09:40:04 EST
AAPL,168.63,2024-04-08 09:34:55 EST
AAPL,169.58,2024-04-08 09:29:02 EST
AAPL,169.58,2024-04-08 09:23:32 EST
AAPL,169.58,2024-04-08 09:13:12 EST
AAPL,169.58,2024-04-08 08:59:34 EST
AAPL,169.58,2024-04-08 08:52:31 EST
AAPL,169.58,2024-04-08 08:39:52 EST
AAPL,169.58,2024-04-08 08:15:48 EST
AAPL,169.58,2024-04-08 07:57:31 EST
AAPL,169.58,2024-04-08 07:52:17 EST
AAPL,169.58,2024-04-08 07:46:46 EST
AAPL,169.58,2024-04-08 07:41:18 EST
AAPL,169.58,2024-04-08 07:35:43 EST
AAPL,169.58,2024-04-08 07:29:39 EST
AAPL,169.58,2024-04-08 07:24:25 EST
AAPL,169.58,2024-04-08 07:18:43 EST
AAPL,169.58,2024-04-08 07:11:07 EST
AAPL,169.58,2024-04-08 06:59:57 EST
AAPL,169.58,2024-04-08 06:54:45 EST
AAPL,169.58,2024-04-08 06:49:27 EST
AAPL,169.58,2024-04-08 06:44:02 EST
AAPL,169.58,2024-04-08 06:38:37 EST
AAPL,169.58,2024-04-08 06:30:56 EST
AAPL,169.58,2024-04-08 06:14:10 EST
AAPL,169.58,2024-04-08 05:59:10 EST
AAPL,169.58,2024-04-08 05:54:01 EST
AAPL,169.58,2024-04-08 05:48:12 EST
AAPL,169.58,2024-04-08 05:42:27 EST
AAPL,169.58,2024-04-08 05:37:16 EST
AAPL,169.58,2024-04-08 05:30:45 EST
AAPL,169.58,2024-04-08 05:25:16 EST
AAPL,169.58,2024-04-08 05:15:27 EST
AAPL,169.58,2024-04-08 05:00:58 EST
AAPL,169.58,2024-04-08 04:55:24 EST
AAPL,169.58,2024-04-08 04:50:08 EST
AAPL,169.58,2024-04-08 04:44:49 EST
AAPL,169.58,2024-04-08 04:39:31 EST
AAPL,169.58,2024-04-08 04:34:00 EST
AAPL,169.58,2024-04-08 04:28:08 EST
AAPL,169.58,2024-04-08 04:16:25 EST
AAPL,169.58,2024-04-08 03:59:46 EST
AAPL,169.58,2024-04-08 03:54:16 EST
AAPL,169.58,2024-04-08 03:48:47 EST
AAPL,169.58,2024-04-08 03:43:16 EST
AAPL,169.58,2024-04-08 03:37:44 EST
AAPL,169.58,2024-04-08 03:32:28 EST
AAPL,169.58,2024-04-08 03:26:40 EST
AAPL,169.58,2024-04-08 03:21:27 EST
AAPL,169.58,2024-04-08 03:09:19 EST
AAPL,169.58,2024-04-08 02:56:38 EST
AAPL,169.58,2024-04-08 02:51:31 EST
AAPL,169.58,2024-04-08 02:46:14 EST
AAPL,169.58,2024-04-08 02:41:00 EST
AAPL,169.58,2024-04-08 02:35:36 EST
AAPL,169.58,2024-04-08 02:28:08 EST
AAPL,169.58,2024-04-08 02:12:17 EST
AAPL,169.58,2024-04-08 01:57:22 EST
AAPL,169.58,2024-04-08 01:52:09 EST
AAPL,169.58,2024-04-08 01:46:35 EST
AAPL,169.58,2024-04-08 01:41:05 EST
AAPL,169.58,2024-04-08 01:35:29 EST
AAPL,169.58,2024-04-08 01:30:05 EST
AAPL,169.58,2024-04-08 01:22:54 EST
AAPL,169.58,2024-04-08 01:07:16 EST
AAPL,169.58,2024-04-08 00:56:11 EST
AAPL,169.58,2024-04-08 00:50:44 EST
AAPL,169.58,2024-04-08 00:45:24 EST
AAPL,169.58,2024-04-08 00:40:02 EST
AAPL,169.58,2024-04-08 00:34:37 EST
AAPL,169.58,2024-04-08 00:27:00 EST
AAPL,169.58,2024-04-08 00:13:40 EST
AAPL,169.58,2024-04-07 23:58:30 EST
AAPL,169.58,2024-04-07 23:53:10 EST
AAPL,169.58,2024-04-07 23:47:59 EST
AAPL,169.58,2024-04-07 23:42:22 EST
AAPL,169.58,2024-04-07 23:37:10 EST
AAPL,169.58,2024-04-07 23:30:05 EST
AAPL,169.58,2024-04-07 23:25:01 EST
AAPL,169.58,2024-04-07 23:15:49 EST
AAPL,169.58,2024-04-07 23:00:55 EST
AAPL,169.58,2024-04-07 22:55:17 EST
AAPL,169.58,2024-04-07 22:49:41 EST
AAPL,169.58,2024-04-07 22:44:27 EST
AAPL,169.58,2024-04-07 22:39:05 EST
AAPL,169.58,2024-04-07 22:30:22 EST
AAPL,169.58,2024-04-07 22:10:03 EST
AAPL,169.58,2024-04-07 21:41:03 EST
AAPL,169.58,2024-04-07 20:55:32 EST
AAPL,169.58,2024-04-07 19:59:36 EST
AAPL,169.58,2024-04-07 19:54:09 EST
AAPL,169.58,2024-04-07 19:48:40 EST
AAPL,169.58,2024-04-07 19:43:13 EST
AAPL,169.58,2024-04-07 19:37:48 EST
AAPL,169.58,2024-04-07 19:32:28 EST
AAPL,169.58,2024-04-07 19:26:36 EST
AAPL,169.58,2024-04-07 19:20:54 EST
AAPL,169.58,2024-04-07 19:08:54 EST
AAPL,169.58,2024-04-07 18:57:27 EST
AAPL,169.58,2024-04-07 18:52:07 EST
AAPL,169.58,2024-04-07 18:46:22 EST
AAPL,169.58,2024-04-07 18:41:12 EST
AAPL,169.58,2024-04-07 18:35:43 EST
AAPL,169.58,2024-04-07 18:28:54 EST
AAPL,169.58,2024-04-07 18:23:02 EST
AAPL,169.58,2024-04-07 18:09:42 EST
AAPL,169.58,2024-04-07 17:58:34 EST
AAPL,169.58,2024-04-07 17:53:26 EST
AAPL,169.58,2024-04-07 17:47:57 EST
AAPL,169.58,2024-04-07 17:42:18 EST
AAPL,169.58,2024-04-07 17:37:24 EST
AAPL,169.58,2024-04-07 17:30:19 EST
AAPL,169.58,2024-04-07 17:24:50 EST
AAPL,169.58,2024-04-07 17:19:31 EST
AAPL,169.58,2024-04-07 17:11:23 EST
AAPL,169.58,2024-04-07 16:59:31 EST
AAPL,169.58,2024-04-07 16:54:19 EST
AAPL,169.58,2024-04-07 16:48:42 EST
AAPL,169.58,2024-04-07 16:43:01 EST
AAPL,169.58,2024-04-07 16:37:29 EST
AAPL,169.58,2024-04-07 16:32:07 EST
AAPL,169.58,2024-04-07 16:26:25 EST
AAPL,169.58,2024-04-07 16:21:08 EST
AAPL,169.58,2024-04-07 16:10:05 EST
AAPL,169.58,2024-04-07 15:58:29 EST
AAPL,169.58,2024-04-07 15:53:03 EST
AAPL,169.58,2024-04-07 15:47:32 EST
AAPL,169.58,2024-04-07 15:42:03 EST
AAPL,169.58,2024-04-07 15:36:31 EST
AAPL,169.58,2024-04-07 15:30:44 EST
AAPL,169.58,2024-04-07 15:25:19 EST
AAPL,169.58,2024-04-07 15:20:01 EST
AAPL,169.58,2024-04-07 15:14:58 EST
AAPL,169.58,2024-04-07 15:06:28 EST
AAPL,169.58,2024-04-07 14:57:09 EST
AAPL,169.58,2024-04-07 14:51:45 EST
AAPL,169.58,2024-04-07 14:46:15 EST
AAPL,169.58,2024-04-07 14:41:00 EST
AAPL,169.58,2024-04-07 14:35:40 EST
AAPL,169.58,2024-04-07 14:29:49 EST
AAPL,169.58,2024-04-07 14:24:29 EST
AAPL,169.58,2024-04-07 14:09:49 EST
AAPL,169.58,2024-04-07 13:57:16 EST
AAPL,169.58,2024-04-07 13:52:01 EST
AAPL,169.58,2024-04-07 13:46:30 EST
AAPL,169.58,2024-04-07 13:41:03 EST
AAPL,169.58,2024-04-07 13:35:42 EST
AAPL,169.58,2024-04-07 13:28:47 EST
AAPL,169.58,2024-04-07 13:22:50 EST
AAPL,169.58,2024-04-07 13:10:21 EST
AAPL,169.58,2024-04-07 12:59:12 EST
AAPL,169.58,2024-04-07 12:53:44 EST
AAPL,169.58,2024-04-07 12:48:09 EST
AAPL,169.58,2024-04-07 12:42:42 EST
AAPL,169.58,2024-04-07 12:37:25 EST
AAPL,169.58,2024-04-07 12:31:58 EST
AAPL,169.58,2024-04-07 12:25:34 EST
AAPL,169.58,2024-04-07 12:12:09 EST
AAPL,169.58,2024-04-07 11:58:45 EST
AAPL,169.58,2024-04-07 11:53:29 EST
AAPL,169.58,2024-04-07 11:47:58 EST
AAPL,169.58,2024-04-07 11:42:30 EST
AAPL,169.58,2024-04-07 11:36:55 EST
AAPL,169.58,2024-04-07 11:31:06 EST
AAPL,169.58,2024-04-07 11:25:47 EST
AAPL,169.58,2024-04-07 11:20:41 EST
AAPL,169.58,2024-04-07 11:08:21 EST
AAPL,169.58,2024-04-07 10:56:48 EST
AAPL,169.58,2024-04-07 10:51:21 EST
AAPL,169.58,2024-04-07 10:45:44 EST
AAPL,169.58,2024-04-07 10:40:16 EST
AAPL,169.58,2024-04-07 10:35:08 EST
AAPL,169.58,2024-04-07 10:29:19 EST
AAPL,169.58,2024-04-07 10:22:45 EST
AAPL,169.58,2024-04-07 10:09:18 EST
AAPL,169.58,2024-04-07 09:58:18 EST
AAPL,169.58,2024-04-07 09:52:59 EST
AAPL,169.58,2024-04-07 09:47:22 EST
AAPL,169.58,2024-04-07 09:41:44 EST
AAPL,169.58,2024-04-07 09:36:22 EST
AAPL,169.58,2024-04-07 09:30:56 EST
AAPL,169.58,2024-04-07 09:24:41 EST
AAPL,169.58,2024-04-07 09:07:21 EST
AAPL,169.58,2024-04-07 08:56:13 EST
AAPL,169.58,2024-04-07 08:48:33 EST
AAPL,169.58,2024-04-07 08:35:42 EST
AAPL,169.58,2024-04-07 08:13:09 EST
AAPL,169.58,2024-04-07 07:57:08 EST
AAPL,169.58,2024-04-07 07:51:49 EST
AAPL,169.58,2024-04-07 07:46:05 EST
AAPL,169.58,2024-04-07 07:40:45 EST
AAPL,169.58,2024-04-07 07:35:38 EST
AAPL,169.58,2024-04-07 07:29:07 EST
AAPL,169.58,2024-04-07 07:23:57 EST
AAPL,169.58,2024-04-07 07:18:28 EST
AAPL,169.58,2024-04-07 07:09:01 EST
AAPL,169.58,2024-04-07 06:58:20 EST
AAPL,169.58,2024-04-07 06:52:53 EST
AAPL,169.58,2024-04-07 06:47:21 EST
AAPL,169.58,2024-04-07 06:41:54 EST
AAPL,169.58,2024-04-07 06:36:32 EST
AAPL,169.58,2024-04-07 06:28:48 EST
AAPL,169.58,2024-04-07 06:21:37 EST
AAPL,169.58,2024-04-07 06:07:24 EST
AAPL,169.58,2024-04-07 05:56:59 EST
AAPL,169.58,2024-04-07 05:51:39 EST
AAPL,169.58,2024-04-07 05:46:08 EST
AAPL,169.58,2024-04-07 05:40:45 EST
AAPL,169.58,2024-04-07 05:35:23 EST
AAPL,169.58,2024-04-07 05:28:50 EST
AAPL,169.58,2024-04-07 05:23:52 EST
AAPL,169.58,2024-04-07 05:16:43 EST
AAPL,169.58,2024-04-07 05:02:49 EST
AAPL,169.58,2024-04-07 04:55:52 EST
AAPL,169.58,2024-04-07 04:50:24 EST
AAPL,169.58,2024-04-07 04:45:00 EST
AAPL,169.58,2024-04-07 04:39:34 EST
AAPL,169.58,2024-04-07 04:34:25 EST
AAPL,169.58,2024-04-07 04:28:59 EST
AAPL,169.58,2024-04-07 04:18:19 EST
AAPL,169.58,2024-04-07 04:00:33 EST
AAPL,169.58,2024-04-07 03:55:18 EST
AAPL,169.58,2024-04-07 03:49:52 EST
AAPL,169.58,2024-04-07 03:44:13 EST
AAPL,169.58,2024-04-07 03:38:56 EST
AAPL,169.58,2024-04-07 03:33:31 EST
AAPL,169.58,2024-04-07 03:28:27 EST
AAPL,169.58,2024-04-07 03:22:38 EST
AAPL,169.58,2024-04-07 03:17:16 EST
AAPL,169.58,2024-04-07 03:07:22 EST
AAPL,169.58,2024-04-07 02:56:59 EST
AAPL,169.58,2024-04-07 02:51:24 EST
AAPL,169.58,2024-04-07 02:45:52 EST
AAPL,169.58,2024-04-07 02:40:24 EST
AAPL,169.58,2024-04-07 02:35:17 EST
AAPL,169.58,2024-04-07 02:29:44 EST
AAPL,169.58,2024-04-07 02:23:31 EST
AAPL,169.58,2024-04-07 02:07:17 EST
AAPL,169.58,2024-04-07 01:55:51 EST
AAPL,169.58,2024-04-07 01:50:24 EST
AAPL,169.58,2024-04-07 01:44:54 EST
AAPL,169.58,2024-04-07 01:39:26 EST
AAPL,169.58,2024-04-07 01:34:12 EST
AAPL,169.58,2024-04-07 01:28:37 EST
AAPL,169.58,2024-04-07 01:18:56 EST
AAPL,169.58,2024-04-07 01:03:28 EST
AAPL,169.58,2024-04-07 00:55:48 EST
AAPL,169.58,2024-04-07 00:50:16 EST
AAPL,169.58,2024-04-07 00:44:52 EST
AAPL,169.58,2024-04-07 00:39:29 EST
AAPL,169.58,2024-04-07 00:34:00 EST
AAPL,169.58,2024-04-07 00:28:26 EST
AAPL,169.58,2024-04-07 00:15:47 EST
AAPL,169.58,2024-04-06 23:59:17 EST
AAPL,169.58,2024-04-06 23:53:57 EST
AAPL,169.58,2024-04-06 23:48:28 EST
AAPL,169.58,2024-04-06 23:42:52 EST
AAPL,169.58,2024-04-06 23:37:49 EST
AAPL,169.58,2024-04-06 23:31:34 EST
AAPL,169.58,2024-04-06 23:26:01 EST
AAPL,169.58,2024-04-06 23:20:48 EST
AAPL,169.58,2024-04-06 23:07:08 EST
AAPL,169.58,2024-04-06 22:55:38 EST
AAPL,169.58,2024-04-06 22:50:17 EST
AAPL,169.58,2024-04-06 22:44:48 EST
AAPL,169.58,2024-04-06 22:39:14 EST
AAPL,169.58,2024-04-06 22:32:17 EST
AAPL,169.58,2024-04-06 22:17:06 EST
AAPL,169.58,2024-04-06 21:55:18 EST
AAPL,169.58,2024-04-06 21:01:25 EST
AAPL,169.58,2024-04-06 20:00:00 EST
AAPL,169.58,2024-04-06 19:54:49 EST
AAPL,169.58,2024-04-06 19:49:13 EST
AAPL,169.58,2024-04-06 19:43:42 EST
AAPL,169.58,2024-04-06 19:38:19 EST
AAPL,169.58,2024-04-06 19:32:31 EST
AAPL,169.58,2024-04-06 19:26:38 EST
AAPL,169.58,2024-04-06 19:21:16 EST
AAPL,169.58,2024-04-06 19:12:30 EST
AAPL,169.58,2024-04-06 18:59:46 EST
AAPL,169.58,2024-04-06 18:54:35 EST
AAPL,169.58,2024-04-06 18:49:05 EST
AAPL,169.58,2024-04-06 18:43:26 EST
AAPL,169.58,2024-04-06 18:38:03 EST
AAPL,169.58,2024-04-06 18:32:42 EST
AAPL,169.58,2024-04-06 18:27:05 EST
AAPL,169.58,2024-04-06 18:18:54 EST
AAPL,169.58,2024-04-06 18:05:30 EST
AAPL,169.58,2024-04-06 17:56:31 EST
AAPL,169.58,2024-04-06 17:51:03 EST
AAPL,169.58,2024-04-06 17:45:39 EST
AAPL,169.58,2024-04-06 17:40:16 EST
AAPL,169.58,2024-04-06 17:34:56 EST
AAPL,169.58,2024-04-06 17:29:42 EST
AAPL,169.58,2024-04-06 17:24:32 EST
AAPL,169.58,2024-04-06 17:19:12 EST
AAPL,169.58,2024-04-06 17:08:40 EST
AAPL,169.58,2024-04-06 16:57:31 EST
AAPL,169.58,2024-04-06 16:52:03 EST
AAPL,169.58,2024-04-06 16:46:21 EST
AAPL,169.58,2024-04-06 16:40:54 EST
AAPL,169.58,2024-04-06 16:35:32 EST
AAPL,169.58,2024-04-06 16:28:15 EST
AAPL,169.58,2024-04-06 16:23:00 EST
AAPL,169.58,2024-04-06 16:12:43 EST
AAPL,169.58,2024-04-06 15:59:16 EST
AAPL,169.58,2024-04-06 15:53:55 EST
AAPL,169.58,2024-04-06 15:48:24 EST
AAPL,169.58,2024-04-06 15:42:53 EST
AAPL,169.58,2024-04-06 15:37:40 EST
AAPL,169.58,2024-04-06 15:32:26 EST
AAPL,169.58,2024-04-06 15:26:43 EST
AAPL,169.58,2024-04-06 15:21:00 EST
AAPL,169.58,2024-04-06 15:15:29 EST
AAPL,169.58,2024-04-06 15:08:18 EST
AAPL,169.58,2024-04-06 14:58:13 EST
AAPL,169.58,2024-04-06 14:52:53 EST
AAPL,169.58,2024-04-06 14:47:15 EST
AAPL,169.58,2024-04-06 14:41:52 EST
AAPL,169.58,2024-04-06 14:36:38 EST
AAPL,169.58,2024-04-06 14:30:13 EST
AAPL,169.58,2024-04-06 14:24:43 EST
AAPL,169.58,2024-04-06 14:09:36 EST
AAPL,169.58,2024-04-06 13:57:11 EST
AAPL,169.58,2024-04-06 13:51:39 EST
AAPL,169.58,2024-04-06 13:46:19 EST
AAPL,169.58,2024-04-06 13:41:01 EST
AAPL,169.58,2024-04-06 13:35:47 EST
AAPL,169.58,2024-04-06 13:29:38 EST
AAPL,169.58,2024-04-06 13:24:19 EST
AAPL,169.58,2024-04-06 13:12:21 EST
AAPL,169.58,2024-04-06 13:00:02 EST
AAPL,169.58,2024-04-06 12:54:47 EST
AAPL,169.58,2024-04-06 12:49:05 EST
AAPL,169.58,2024-04-06 12:43:36 EST
AAPL,169.58,2024-04-06 12:38:22 EST
AAPL,169.58,2024-04-06 12:32:49 EST
AAPL,169.58,2024-04-06 12:24:54 EST
AAPL,169.58,2024-04-06 12:06:40 EST
AAPL,169.58,2024-04-06 11:55:58 EST
AAPL,169.58,2024-04-06 11:50:30 EST
AAPL,169.58,2024-04-06 11:44:56 EST
AAPL,169.58,2024-04-06 11:39:30 EST
AAPL,169.58,2024-04-06 11:34:17 EST
AAPL,169.58,2024-04-06 11:28:06 EST
AAPL,169.58,2024-04-06 11:22:42 EST
AAPL,169.58,2024-04-06 11:12:44 EST
AAPL,169.58,2024-04-06 10:59:59 EST
AAPL,169.58,2024-04-06 10:54:49 EST
AAPL,169.58,2024-04-06 10:49:13 EST
AAPL,169.58,2024-04-06 10:43:40 EST
AAPL,169.58,2024-04-06 10:38:11 EST
AAPL,169.58,2024-04-06 10:31:37 EST
AAPL,169.58,2024-04-06 10:26:09 EST
AAPL,169.58,2024-04-06 10:20:44 EST
AAPL,169.58,2024-04-06 10:09:46 EST
AAPL,169.58,2024-04-06 09:59:26 EST
AAPL,169.58,2024-04-06 09:54:09 EST
AAPL,169.58,2024-04-06 09:48:33 EST
AAPL,169.58,2024-04-06 09:43:01 EST
AAPL,169.58,2024-04-06 09:37:31 EST
AAPL,169.58,2024-04-06 09:32:09 EST
AAPL,169.58,2024-04-06 09:26:25 EST
AAPL,169.58,2024-04-06 09:20:57 EST
AAPL,169.58,2024-04-06 09:07:09 EST
AAPL,169.58,2024-04-06 08:56:40 EST
AAPL,169.58,2024-04-06 08:50:07 EST
AAPL,169.58,2024-04-06 08:38:51 EST
AAPL,169.58,2024-04-06 08:18:17 EST
AAPL,169.58,2024-04-06 07:58:47 EST
AAPL,169.58,2024-04-06 07:53:30 EST
AAPL,169.58,2024-04-06 07:48:05 EST
AAPL,169.58,2024-04-06 07:42:30 EST
AAPL,169.58,2024-04-06 07:37:28 EST
AAPL,169.58,2024-04-06 07:31:58 EST
AAPL,169.58,2024-04-06 07:26:23 EST
AAPL,169.58,2024-04-06 07:20:37 EST
AAPL,169.58,2024-04-06 07:15:31 EST
AAPL,169.58,2024-04-06 07:07:37 EST
AAPL,169.58,2024-04-06 06:58:11 EST
AAPL,169.58,2024-04-06 06:52:58 EST
AAPL,169.58,2024-04-06 06:47:24 EST
AAPL,169.58,2024-04-06 06:41:55 EST
AAPL,169.58,2024-04-06 06:36:11 EST
AAPL,169.58,2024-04-06 06:30:52 EST
AAPL,169.58,2024-04-06 06:25:26 EST
AAPL,169.58,2024-04-06 06:11:55 EST
AAPL,169.58,2024-04-06 05:58:41 EST
AAPL,169.58,2024-04-06 05:53:22 EST
AAPL,169.58,2024-04-06 05:47:53 EST
AAPL,169.58,2024-04-06 05:42:14 EST
AAPL,169.58,2024-04-06 05:37:02 EST
AAPL,169.58,2024-04-06 05:31:07 EST
AAPL,169.58,2024-04-06 05:25:35 EST
AAPL,169.58,2024-04-06 05:20:12 EST
AAPL,169.58,2024-04-06 05:11:05 EST
AAPL,169.58,2024-04-06 04:59:33 EST
AAPL,169.58,2024-04-06 04:53:16 EST
AAPL,169.58,2024-04-06 04:47:49 EST
AAPL,169.58,2024-04-06 04:42:14 EST
AAPL,169.58,2024-04-06 04:37:11 EST
AAPL,169.58,2024-04-06 04:30:19 EST
AAPL,169.58,2024-04-06 04:25:02 EST
AAPL,169.58,2024-04-06 04:12:04 EST
AAPL,169.58,2024-04-06 03:58:01 EST
AAPL,169.58,2024-04-06 03:52:38 EST
AAPL,169.58,2024-04-06 03:47:12 EST
AAPL,169.58,2024-04-06 03:41:42 EST
AAPL,169.58,2024-04-06 03:36:03 EST
AAPL,169.58,2024-04-06 03:30:24 EST
AAPL,169.58,2024-04-06 03:24:52 EST
AAPL,169.58,2024-04-06 03:19:42 EST
AAPL,169.58,2024-04-06 03:12:27 EST
AAPL,169.58,2024-04-06 03:00:20 EST
AAPL,169.58,2024-04-06 02:55:11 EST
AAPL,169.58,2024-04-06 02:49:44 EST
AAPL,169.58,2024-04-06 02:44:07 EST
AAPL,169.58,2024-04-06 02:38:48 EST
AAPL,169.58,2024-04-06 02:33:03 EST
AAPL,169.58,2024-04-06 02:27:25 EST
AAPL,169.58,2024-04-06 02:15:21 EST
AAPL,169.58,2024-04-06 01:59:41 EST
AAPL,169.58,2024-04-06 01:54:19 EST
AAPL,169.58,2024-04-06 01:48:52 EST
AAPL,169.58,2024-04-06 01:43:18 EST
AAPL,169.58,2024-04-06 01:37:58 EST
AAPL,169.58,2024-04-06 01:32:40 EST
AAPL,169.58,2024-04-06 01:26:55 EST
AAPL,169.58,2024-04-06 01:18:05 EST
AAPL,169.58,2024-04-06 01:03:36 EST
AAPL,169.58,2024-04-06 00:55:54 EST
AAPL,169.58,2024-04-06 00:50:20 EST
AAPL,169.58,2024-04-06 00:45:09 EST
AAPL,169.58,2024-04-06 00:39:41 EST
AAPL,169.58,2024-04-06 00:33:28 EST
AAPL,169.58,2024-04-06 00:27:57 EST
AAPL,169.58,2024-04-06 00:16:01 EST
AAPL,169.58,2024-04-05 23:59:54 EST
AAPL,169.58,2024-04-05 23:54:43 EST
AAPL,169.58,2024-04-05 23:49:19 EST
AAPL,169.58,2024-04-05 23:43:46 EST
AAPL,169.58,2024-04-05 23:38:22 EST
AAPL,169.58,2024-04-05 23:32:53 EST
AAPL,169.58,2024-04-05 23:27:14 EST
AAPL,169.58,2024-04-05 23:21:55 EST
AAPL,169.58,2024-04-05 23:10:22 EST
AAPL,169.58,2024-04-05 22:57:39 EST
AAPL,169.58,2024-04-05 22:52:22 EST
AAPL,169.58,2024-04-05 22:47:09 EST
AAPL,169.58,2024-04-05 22:41:24 EST
AAPL,169.58,2024-04-05 22:36:04 EST
AAPL,169.58,2024-04-05 22:30:32 EST
AAPL,169.58,2024-04-05 22:25:10 EST
AAPL,169.58,2024-04-05 22:07:09 EST
AAPL,169.58,2024-04-05 21:45:34 EST
AAPL,169.58,2024-04-05 21:00:39 EST
AAPL,169.58,2024-04-05 20:00:53 EST
AAPL,169.58,2024-04-05 19:55:28 EST
AAPL,169.58,2024-04-05 19:49:55 EST
AAPL,169.58,2024-04-05 19:44:28 EST
AAPL,169.58,2024-04-05 19:39:18 EST
AAPL,169.58,2024-04-05 19:32:23 EST
AAPL,169.58,2024-04-05 19:26:43 EST
AAPL,169.58,2024-04-05 19:21:13 EST
AAPL,169.58,2024-04-05 19:09:09 EST
AAPL,169.58,2024-04-05 18:57:33 EST
AAPL,169.58,2024-04-05 18:52:05 EST
AAPL,169.58,2024-04-05 18:46:35 EST
AAPL,169.58,2024-04-05 18:41:12 EST
AAPL,169.58,2024-04-05 18:36:03 EST
AAPL,169.58,2024-04-05 18:29:41 EST
AAPL,169.58,2024-04-05 18:24:34 EST
AAPL,169.58,2024-04-05 18:11:13 EST
AAPL,169.58,2024-04-05 17:59:07 EST
AAPL,169.58,2024-04-05 17:53:51 EST
AAPL,169.58,2024-04-05 17:48:36 EST
AAPL,169.58,2024-04-05 17:43:07 EST
AAPL,169.58,2024-04-05 17:37:31 EST
AAPL,169.58,2024-04-05 17:31:59 EST
AAPL,169.58,2024-04-05 17:26:00 EST
AAPL,169.58,2024-04-05 17:21:05 EST
AAPL,169.58,2024-04-05 17:14:08 EST
AAPL,169.58,2024-04-05 17:01:51 EST
AAPL,169.58,2024-04-05 16:55:42 EST
AAPL,169.58,2024-04-05 16:50:15 EST
AAPL,169.58,2024-04-05 16:45:00 EST
AAPL,169.58,2024-04-05 16:39:39 EST
AAPL,169.58,2024-04-05 16:33:07 EST
AAPL,169.58,2024-04-05 16:27:17 EST
AAPL,169.58,2024-04-05 16:21:40 EST
AAPL,169.58,2024-04-05 16:10:44 EST
AAPL,169.62,2024-04-05 15:57:50 EST
AAPL,169.72,2024-04-05 15:52:32 EST
AAPL,169.92,2024-04-05 15:46:59 EST
AAPL,169.94,2024-04-05 15:41:37 EST
AAPL,169.89,2024-04-05 15:36:20 EST
AAPL,169.89,2024-04-05 15:30:06 EST
AAPL,169.7,2024-04-05 15:24:34 EST
AAPL,169.61,2024-04-05 15:18:59 EST
AAPL,169.66,2024-04-05 15:12:39 EST
AAPL,169.63,2024-04-05 15:00:40 EST
AAPL,169.47,2024-04-05 14:55:23 EST
AAPL,169.48,2024-04-05 14:49:57 EST
AAPL,169.8,2024-04-05 14:44:46 EST
AAPL,169.69,2024-04-05 14:39:12 EST
AAPL,169.56,2024-04-05 14:33:45 EST
AAPL,169.74,2024-04-05 14:27:40 EST
AAPL,169.84,2024-04-05 14:14:24 EST
AAPL,169.66,2024-04-05 13:59:16 EST
AAPL,169.82,2024-04-05 13:53:53 EST
AAPL,169.92,2024-04-05 13:48:26 EST
AAPL,169.94,2024-04-05 13:42:51 EST
AAPL,170.12,2024-04-05 13:37:13 EST
AAPL,170.11,2024-04-05 13:31:35 EST
AAPL,170.04,2024-04-05 13:26:03 EST
AAPL,169.86,2024-04-05 13:14:08 EST
AAPL,170.34,2024-04-05 13:00:37 EST
AAPL,170.08,2024-04-05 12:55:22 EST
AAPL,170.02,2024-04-05 12:50:00 EST
AAPL,170.04,2024-04-05 12:44:30 EST
AAPL,169.98,2024-04-05 12:38:57 EST
AAPL,170.16,2024-04-05 12:31:50 EST
AAPL,170.2,2024-04-05 12:18:36 EST
AAPL,170.34,2024-04-05 12:00:29 EST
AAPL,170.04,2024-04-05 11:55:17 EST
AAPL,169.97,2024-04-05 11:49:43 EST
AAPL,169.86,2024-04-05 11:44:08 EST
AAPL,169.54,2024-04-05 11:38:49 EST
AAPL,169.58,2024-04-05 11:33:26 EST
AAPL,169.27,2024-04-05 11:27:22 EST
AAPL,169.33,2024-04-05 11:21:54 EST
AAPL,169.68,2024-04-05 11:11:01 EST
AAPL,169.56,2024-04-05 10:58:49 EST
AAPL,169.44,2024-04-05 10:53:41 EST
AAPL,169.3,2024-04-05 10:48:30 EST
AAPL,169.22,2024-04-05 10:42:42 EST
AAPL,169.19,2024-04-05 10:37:15 EST
AAPL,169.19,2024-04-05 10:32:06 EST
AAPL,169.2,2024-04-05 10:26:07 EST
AAPL,169.44,2024-04-05 10:10:53 EST
AAPL,169.64,2024-04-05 09:57:50 EST
AAPL,169.5,2024-04-05 09:52:26 EST
AAPL,169.24,2024-04-05 09:47:05 EST
AAPL,169.19,2024-04-05 09:41:37 EST
AAPL,169.06,2024-04-05 09:36:19 EST
AAPL,168.82,2024-04-05 09:29:38 EST
AAPL,168.82,2024-04-05 09:24:17 EST
AAPL,168.82,2024-04-05 09:13:58 EST
AAPL,168.82,2024-04-05 08:59:45 EST
AAPL,168.82,2024-04-05 08:53:16 EST
AAPL,168.82,2024-04-05 08:40:55 EST
AAPL,168.82,2024-04-05 08:19:42 EST
AAPL,168.82,2024-04-05 07:59:02 EST
AAPL,168.82,2024-04-05 07:54:31 EST
AAPL,168.82,2024-04-05 07:48:35 EST
AAPL,168.82,2024-04-05 07:42:50 EST
AAPL,168.82,2024-04-05 07:37:21 EST
AAPL,168.82,2024-04-05 07:31:58 EST
AAPL,168.82,2024-04-05 07:26:21 EST
AAPL,168.82,2024-04-05 07:20:41 EST
AAPL,168.82,2024-04-05 07:15:31 EST
AAPL,168.82,2024-04-05 07:03:50 EST
AAPL,168.82,2024-04-05 06:56:11 EST
AAPL,168.82,2024-04-05 06:50:40 EST
AAPL,168.82,2024-04-05 06:45:03 EST
AAPL,168.82,2024-04-05 06:39:45 EST
AAPL,168.82,2024-04-05 06:34:20 EST
AAPL,168.82,2024-04-05 06:27:58 EST
AAPL,168.82,2024-04-05 06:12:19 EST
AAPL,168.82,2024-04-05 05:58:28 EST
AAPL,168.82,2024-04-05 05:53:32 EST
AAPL,168.82,2024-04-05 05:47:38 EST
AAPL,168.82,2024-04-05 05:42:04 EST
AAPL,168.82,2024-04-05 05:36:42 EST
AAPL,168.82,2024-04-05 05:31:00 EST
AAPL,168.82,2024-04-05 05:25:20 EST
AAPL,168.82,2024-04-05 05:20:11 EST
AAPL,168.82,2024-04-05 05:09:28 EST
AAPL,168.82,2024-04-05 04:57:59 EST
AAPL,168.82,2024-04-05 04:52:43 EST
AAPL,168.82,2024-04-05 04:08:48 EST
AAPL,168.82,2024-04-05 03:56:14 EST
AAPL,168.82,2024-04-05 03:50:41 EST
AAPL,168.82,2024-04-05 03:45:09 EST
AAPL,168.82,2024-04-05 03:39:47 EST
AAPL,168.82,2024-04-05 03:34:38 EST
AAPL,168.82,2024-04-05 03:28:49 EST
AAPL,168.82,2024-04-05 03:23:09 EST
AAPL,168.82,2024-04-05 03:17:54 EST
AAPL,168.82,2024-04-05 03:05:51 EST
AAPL,168.82,2024-04-05 02:55:53 EST
AAPL,168.82,2024-04-05 02:50:17 EST
AAPL,168.82,2024-04-05 02:45:10 EST
AAPL,168.82,2024-04-05 02:39:50 EST
AAPL,168.82,2024-04-05 02:33:21 EST
AAPL,168.82,2024-04-05 02:26:44 EST
AAPL,168.82,2024-04-05 02:10:38 EST
AAPL,168.82,2024-04-05 01:57:07 EST
AAPL,168.82,2024-04-05 01:51:50 EST
AAPL,168.82,2024-04-05 01:46:33 EST
AAPL,168.82,2024-04-05 01:40:55 EST
AAPL,168.82,2024-04-05 01:35:31 EST
AAPL,168.82,2024-04-05 01:30:07 EST
AAPL,168.82,2024-04-05 01:25:09 EST
AAPL,168.82,2024-04-05 01:11:46 EST
AAPL,168.82,2024-04-05 00:59:29 EST
AAPL,168.82,2024-04-05 00:54:12 EST
AAPL,168.82,2024-04-05 00:48:53 EST
AAPL,168.82,2024-04-05 00:43:18 EST
AAPL,168.82,2024-04-05 00:38:06 EST
AAPL,168.82,2024-04-05 00:30:32 EST
AAPL,168.82,2024-04-05 00:16:43 EST
AAPL,168.82,2024-04-04 23:59:28 EST
AAPL,168.82,2024-04-04 23:54:12 EST
AAPL,168.82,2024-04-04 23:48:35 EST
AAPL,168.82,2024-04-04 23:43:07 EST
AAPL,168.82,2024-04-04 23:37:51 EST
AAPL,168.82,2024-04-04 23:31:31 EST
AAPL,168.82,2024-04-04 23:26:03 EST
AAPL,168.82,2024-04-04 23:16:44 EST
AAPL,168.82,2024-04-04 23:00:29 EST
AAPL,168.82,2024-04-04 22:55:04 EST
AAPL,168.82,2024-04-04 22:49:46 EST
AAPL,168.82,2024-04-04 22:44:22 EST
AAPL,168.82,2024-04-04 22:38:40 EST
AAPL,168.82,2024-04-04 22:33:13 EST
AAPL,168.82,2024-04-04 22:26:35 EST
AAPL,168.82,2024-04-04 22:07:14 EST
AAPL,168.82,2024-04-04 21:42:28 EST
AAPL,168.82,2024-04-04 20:57:36 EST
AAPL,168.82,2024-04-04 20:00:11 EST
AAPL,168.82,2024-04-04 19:54:49 EST
AAPL,168.82,2024-04-04 19:49:17 EST
AAPL,168.82,2024-04-04 19:43:39 EST
AAPL,168.82,2024-04-04 19:38:12 EST
AAPL,168.82,2024-04-04 19:32:02 EST
AAPL,168.82,2024-04-04 19:26:06 EST
AAPL,168.82,2024-04-04 19:20:46 EST
AAPL,168.82,2024-04-04 19:08:36 EST
AAPL,168.82,2024-04-04 18:56:37 EST
AAPL,168.82,2024-04-04 18:51:23 EST
AAPL,168.82,2024-04-04 18:45:38 EST
AAPL,168.82,2024-04-04 18:40:12 EST
AAPL,168.82,2024-04-04 18:34:42 EST
AAPL,168.82,2024-04-04 18:28:12 EST
AAPL,168.82,2024-04-04 18:21:50 EST
AAPL,168.82,2024-04-04 18:08:35 EST
AAPL,168.82,2024-04-04 17:57:57 EST
AAPL,168.82,2024-04-04 17:52:26 EST
AAPL,168.82,2024-04-04 17:46:55 EST
AAPL,168.82,2024-04-04 17:41:26 EST
AAPL,168.82,2024-04-04 17:36:16 EST
AAPL,168.82,2024-04-04 17:29:27 EST
AAPL,168.82,2024-04-04 17:23:51 EST
AAPL,168.82,2024-04-04 17:18:22 EST
AAPL,168.82,2024-04-04 17:09:38 EST
AAPL,168.82,2024-04-04 16:58:43 EST
AAPL,168.82,2024-04-04 16:53:28 EST
AAPL,168.82,2024-04-04 16:48:00 EST
AAPL,168.82,2024-04-04 16:42:22 EST
AAPL,168.82,2024-04-04 16:37:17 EST
AAPL,168.82,2024-04-04 16:31:24 EST
AAPL,168.82,2024-04-04 16:25:50 EST
AAPL,168.82,2024-04-04 16:20:31 EST
AAPL,168.82,2024-04-04 16:07:22 EST
AAPL,169.11,2024-04-04 15:56:21 EST
AAPL,169.48,2024-04-04 15:50:53 EST
AAPL,169.3,2024-04-04 15:45:26 EST
AAPL,169.13,2024-04-04 15:40:18 EST
AAPL,169.23,2024-04-04 15:35:03 EST
AAPL,169.19,2024-04-04 15:27:44 EST
AAPL,169.52,2024-04-04 15:22:37 EST
AAPL,169.64,2024-04-04 15:17:12 EST
AAPL,169.72,2024-04-04 15:07:55 EST
AAPL,169.68,2024-04-04 14:57:24 EST
AAPL,170.06,2024-04-04 14:51:43 EST
AAPL,169.87,2024-04-04 14:46:17 EST
AAPL,169.8,2024-04-04 14:40:55 EST
AAPL,169.61,2024-04-04 14:35:39 EST
AAPL,169.78,2024-04-04 14:29:02 EST
AAPL,169.94,2024-04-04 14:17:34 EST
AAPL,170.82,2024-04-04 14:00:29 EST
AAPL,170.98,2024-04-04 13:55:17 EST
AAPL,171.06,2024-04-04 13:49:48 EST
AAPL,171.16,2024-04-04 13:44:08 EST
AAPL,171.59,2024-04-04 13:38:47 EST
AAPL,171.51,2024-04-04 13:33:40 EST
AAPL,171.54,2024-04-04 13:27:43 EST
AAPL,171.52,2024-04-04 13:21:55 EST
AAPL,171.48,2024-04-04 13:09:38 EST
AAPL,171.39,2024-04-04 12:58:58 EST
AAPL,171.42,2024-04-04 12:53:32 EST
AAPL,171.5,2024-04-04 12:48:17 EST
AAPL,171.58,2024-04-04 12:42:26 EST
AAPL,171.73,2024-04-04 12:37:24 EST
AAPL,171.74,2024-04-04 12:29:41 EST
AAPL,171.9,2024-04-04 12:15:43 EST
AAPL,171.74,2024-04-04 11:59:34 EST
AAPL,171.7,2024-04-04 11:54:13 EST
AAPL,171.57,2024-04-04 11:49:01 EST
AAPL,171.47,2024-04-04 11:43:41 EST
AAPL,171.4,2024-04-04 11:38:39 EST
AAPL,171.39,2024-04-04 11:32:02 EST
AAPL,171.19,2024-04-04 11:26:05 EST
AAPL,171.11,2024-04-04 11:20:35 EST
AAPL,170.96,2024-04-04 11:08:54 EST
AAPL,170.98,2024-04-04 10:57:23 EST
AAPL,170.86,2024-04-04 10:52:11 EST
AAPL,170.77,2024-04-04 10:47:13 EST
AAPL,170.8,2024-04-04 10:41:21 EST
AAPL,170.87,2024-04-04 10:35:44 EST
AAPL,171.02,2024-04-04 10:30:23 EST
AAPL,171.14,2024-04-04 10:23:04 EST
AAPL,170.95,2024-04-04 10:07:50 EST
AAPL,170.84,2024-04-04 09:55:59 EST
AAPL,170.55,2024-04-04 09:45:58 EST
AAPL,170.95,2024-04-04 09:39:32 EST
AAPL,170.38,2024-04-04 09:34:01 EST
AAPL,169.65,2024-04-04 09:28:12 EST
AAPL,169.65,2024-04-04 09:23:17 EST
AAPL,169.65,2024-04-04 09:13:14 EST
AAPL,169.65,2024-04-04 08:59:45 EST
AAPL,169.65,2024-04-04 08:53:47 EST
AAPL,169.65,2024-04-04 08:41:45 EST
AAPL,169.65,2024-04-04 08:18:12 EST
AAPL,169.65,2024-04-04 07:58:22 EST
AAPL,169.65,2024-04-04 07:52:54 EST
AAPL,169.65,2024-04-04 07:47:24 EST
AAPL,169.65,2024-04-04 07:41:55 EST
AAPL,169.65,2024-04-04 07:36:28 EST
AAPL,169.65,2024-04-04 07:31:00 EST
AAPL,169.65,2024-04-04 07:25:20 EST
AAPL,169.65,2024-04-04 07:19:56 EST
AAPL,169.65,2024-04-04 07:13:49 EST
AAPL,169.65,2024-04-04 07:02:07 EST
AAPL,169.65,2024-04-04 06:55:52 EST
AAPL,169.65,2024-04-04 06:50:22 EST
AAPL,169.65,2024-04-04 06:44:48 EST
AAPL,169.65,2024-04-04 06:39:16 EST
AAPL,169.65,2024-04-04 06:33:45 EST
AAPL,169.65,2024-04-04 06:27:54 EST
AAPL,169.65,2024-04-04 06:13:34 EST
AAPL,169.65,2024-04-04 05:59:57 EST
AAPL,169.65,2024-04-04 05:54:40 EST
AAPL,169.65,2024-04-04 05:49:05 EST
AAPL,169.65,2024-04-04 05:43:32 EST
AAPL,169.65,2024-04-04 05:38:21 EST
AAPL,169.65,2024-04-04 05:32:19 EST
AAPL,169.65,2024-04-04 05:26:51 EST
AAPL,169.65,2024-04-04 05:21:10 EST
AAPL,169.65,2024-04-04 05:09:17 EST
AAPL,169.65,2024-04-04 04:57:12 EST
AAPL,169.65,2024-04-04 04:51:40 EST
AAPL,169.65,2024-04-04 04:46:23 EST
AAPL,169.65,2024-04-04 04:41:01 EST
AAPL,169.65,2024-04-04 04:35:38 EST
AAPL,169.65,2024-04-04 04:28:55 EST
AAPL,169.65,2024-04-04 04:17:43 EST
AAPL,169.65,2024-04-04 04:00:20 EST
AAPL,169.65,2024-04-04 03:55:10 EST
AAPL,169.65,2024-04-04 03:49:45 EST
AAPL,169.65,2024-04-04 03:44:42 EST
AAPL,169.65,2024-04-04 03:39:04 EST
AAPL,169.65,2024-04-04 03:34:10 EST
AAPL,169.65,2024-04-04 03:27:47 EST
AAPL,169.65,2024-04-04 03:22:18 EST
AAPL,169.65,2024-04-04 03:12:09 EST
AAPL,169.65,2024-04-04 02:59:41 EST
AAPL,169.65,2024-04-04 02:54:34 EST
AAPL,169.65,2024-04-04 02:48:48 EST
AAPL,169.65,2024-04-04 02:43:16 EST
AAPL,169.65,2024-04-04 02:37:43 EST
AAPL,169.65,2024-04-04 02:32:18 EST
AAPL,169.65,2024-04-04 02:26:44 EST
AAPL,169.65,2024-04-04 02:12:04 EST
AAPL,169.65,2024-04-04 01:57:49 EST
AAPL,169.65,2024-04-04 01:52:35 EST
AAPL,169.65,2024-04-04 01:47:07 EST
AAPL,169.65,2024-04-04 01:41:43 EST
AAPL,169.65,2024-04-04 01:36:03 EST
AAPL,169.65,2024-04-04 01:30:41 EST
AAPL,169.65,2024-04-04 01:24:47 EST
AAPL,169.65,2024-04-04 01:08:38 EST
AAPL,169.65,2024-04-04 00:56:58 EST
AAPL,169.65,2024-04-04 00:51:28 EST
AAPL,169.65,2024-04-04 00:46:13 EST
AAPL,169.65,2024-04-04 00:40:36 EST
AAPL,169.65,2024-04-04 00:35:17 EST
AAPL,169.65,2024-04-04 00:28:14 EST
AAPL,169.65,2024-04-04 00:13:32 EST
AAPL,169.65,2024-04-03 23:58:27 EST
AAPL,169.65,2024-04-03 23:53:17 EST
AAPL,169.65,2024-04-03 23:47:34 EST
AAPL,169.65,2024-04-03 23:41:59 EST
AAPL,169.65,2024-04-03 23:36:47 EST
AAPL,169.65,2024-04-03 23:30:39 EST
AAPL,169.65,2024-04-03 23:25:05 EST
AAPL,169.65,2024-04-03 23:13:07 EST
AAPL,169.65,2024-04-03 22:58:41 EST
AAPL,169.65,2024-04-03 22:53:08 EST
AAPL,169.65,2024-04-03 22:47:53 EST
AAPL,169.65,2024-04-03 22:42:38 EST
AAPL,169.65,2024-04-03 22:37:09 EST
AAPL,169.65,2024-04-03 22:29:05 EST
AAPL,169.65,2024-04-03 22:07:44 EST
AAPL,169.65,2024-04-03 21:39:25 EST
AAPL,169.65,2024-04-03 20:48:19 EST
AAPL,169.65,2024-04-03 19:58:36 EST
AAPL,169.65,2024-04-03 19:53:23 EST
AAPL,169.65,2024-04-03 19:47:51 EST
AAPL,169.65,2024-04-03 19:42:16 EST
AAPL,169.65,2024-04-03 19:37:05 EST
AAPL,169.65,2024-04-03 19:30:05 EST
AAPL,169.65,2024-04-03 19:24:32 EST
AAPL,169.65,2024-04-03 19:19:19 EST
AAPL,169.65,2024-04-03 19:07:25 EST
AAPL,169.65,2024-04-03 18:57:23 EST
AAPL,169.65,2024-04-03 18:51:26 EST
AAPL,169.65,2024-04-03 18:46:05 EST
AAPL,169.65,2024-04-03 18:40:36 EST
AAPL,169.65,2024-04-03 18:35:27 EST
AAPL,169.65,2024-04-03 18:29:52 EST
AAPL,169.65,2024-04-03 18:24:28 EST
AAPL,169.65,2024-04-03 18:12:36 EST
AAPL,169.65,2024-04-03 18:00:36 EST
AAPL,169.65,2024-04-03 17:55:25 EST
AAPL,169.65,2024-04-03 17:49:49 EST
AAPL,169.65,2024-04-03 17:44:24 EST
AAPL,169.65,2024-04-03 17:39:14 EST
AAPL,169.65,2024-04-03 17:33:52 EST
AAPL,169.65,2024-04-03 17:28:16 EST
AAPL,169.65,2024-04-03 17:22:40 EST
AAPL,169.65,2024-04-03 17:17:22 EST
AAPL,169.65,2024-04-03 17:05:18 EST
AAPL,169.65,2024-04-03 16:56:12 EST
AAPL,169.65,2024-04-03 16:50:43 EST
AAPL,169.65,2024-04-03 16:45:23 EST
AAPL,169.65,2024-04-03 16:39:56 EST
AAPL,169.65,2024-04-03 16:34:27 EST
AAPL,169.65,2024-04-03 16:28:45 EST
AAPL,169.65,2024-04-03 16:23:15 EST
AAPL,169.65,2024-04-03 16:07:42 EST
AAPL,169.56,2024-04-03 15:56:29 EST
AAPL,170.0,2024-04-03 15:51:11 EST
AAPL,170.06,2024-04-03 15:45:52 EST
AAPL,169.87,2024-04-03 15:40:17 EST
AAPL,169.62,2024-04-03 15:35:04 EST
AAPL,169.51,2024-04-03 15:29:16 EST
AAPL,169.49,2024-04-03 15:23:37 EST
AAPL,169.55,2024-04-03 15:18:37 EST
AAPL,170.24,2024-04-03 15:11:00 EST
AAPL,170.25,2024-04-03 14:59:06 EST
AAPL,170.24,2024-04-03 14:53:20 EST
AAPL,170.2,2024-04-03 14:48:10 EST
AAPL,170.35,2024-04-03 14:43:09 EST
AAPL,170.22,2024-04-03 14:16:47 EST
AAPL,170.26,4/3/24 18:12
AAPL,170.14,4/3/24 18:03
AAPL,170.25,4/3/24 17:57
AAPL,170.28,4/3/24 17:53
AAPL,170.43,4/3/24 11:59
